"site_name","day_an","length","ar","ho","temp10","temp90","sal10","sal90"
"W2-LA","78",19.215289,2.39787857393932,0.419618986823175,13.2,30.7,3,18
"W2-LA","78",13.454274,2.39787857393932,0.419618986823175,13.2,30.7,3,18
"W2-LA","78",14.649048,2.39787857393932,0.419618986823175,13.2,30.7,3,18
"W2-LA","78",12.467921,2.39787857393932,0.419618986823175,13.2,30.7,3,18
"W2-LA","78",12.341969,2.39787857393932,0.419618986823175,13.2,30.7,3,18
"W2-LA","78",16.42566,2.39787857393932,0.419618986823175,13.2,30.7,3,18
"W2-LA","78",12.133999,2.39787857393932,0.419618986823175,13.2,30.7,3,18
"W2-LA","78",8.980221,2.39787857393932,0.419618986823175,13.2,30.7,3,18
"W2-LA","78",9.697977,2.39787857393932,0.419618986823175,13.2,30.7,3,18
"W2-LA","78",10.571356,2.39787857393932,0.419618986823175,13.2,30.7,3,18
"W2-LA","78",11.069326,2.39787857393932,0.419618986823175,13.2,30.7,3,18
"W2-LA","78",10.463806,2.39787857393932,0.419618986823175,13.2,30.7,3,18
"W2-LA","78",10.47027,2.39787857393932,0.419618986823175,13.2,30.7,3,18
"W2-LA","78",12.899581,2.39787857393932,0.419618986823175,13.2,30.7,3,18
"W2-LA","78",12.448465,2.39787857393932,0.419618986823175,13.2,30.7,3,18
"W2-LA","78",12.68507,2.39787857393932,0.419618986823175,13.2,30.7,3,18
"W2-LA","78",8.563538,2.39787857393932,0.419618986823175,13.2,30.7,3,18
"W2-LA","78",8.842975,2.39787857393932,0.419618986823175,13.2,30.7,3,18
"W2-LA","78",7.214708,2.39787857393932,0.419618986823175,13.2,30.7,3,18
"W2-LA","78",10.177964,2.39787857393932,0.419618986823175,13.2,30.7,3,18
"W2-LA","78",5.306417,2.39787857393932,0.419618986823175,13.2,30.7,3,18
"W2-LA","78",11.369454,2.39787857393932,0.419618986823175,13.2,30.7,3,18
"W2-LA","78",7.037691,2.39787857393932,0.419618986823175,13.2,30.7,3,18
"W2-LA","78",6.991618,2.39787857393932,0.419618986823175,13.2,30.7,3,18
"W2-LA","78",8.072391,2.39787857393932,0.419618986823175,13.2,30.7,3,18
"W2-LA","78",15.214396,2.39787857393932,0.419618986823175,13.2,30.7,3,18
"W2-LA","78",15.933456,2.39787857393932,0.419618986823175,13.2,30.7,3,18
"W2-LA","78",11.63585,2.39787857393932,0.419618986823175,13.2,30.7,3,18
"W2-LA","78",9.388419,2.39787857393932,0.419618986823175,13.2,30.7,3,18
"W2-LA","78",9.26606,2.39787857393932,0.419618986823175,13.2,30.7,3,18
"W2-LA","78",11.925112,2.39787857393932,0.419618986823175,13.2,30.7,3,18
"W2-LA","78",10.993703,2.39787857393932,0.419618986823175,13.2,30.7,3,18
"W2-LA","78",11.557642,2.39787857393932,0.419618986823175,13.2,30.7,3,18
"W2-LA","78",12.184501,2.39787857393932,0.419618986823175,13.2,30.7,3,18
"W2-LA","78",7.783071,2.39787857393932,0.419618986823175,13.2,30.7,3,18
"W2-LA","78",12.613209,2.39787857393932,0.419618986823175,13.2,30.7,3,18
"W2-LA","78",9.539319,2.39787857393932,0.419618986823175,13.2,30.7,3,18
"W2-LA","78",12.248572,2.39787857393932,0.419618986823175,13.2,30.7,3,18
"W2-LA","78",9.272924,2.39787857393932,0.419618986823175,13.2,30.7,3,18
"W2-LA","78",15.0441,2.39787857393932,0.419618986823175,13.2,30.7,3,18
"W2-LA","78",10.342646,2.39787857393932,0.419618986823175,13.2,30.7,3,18
"W2-LA","78",14.622291,2.39787857393932,0.419618986823175,13.2,30.7,3,18
"W2-LA","78",7.760068,2.39787857393932,0.419618986823175,13.2,30.7,3,18
"W2-LA","78",7.821387,2.39787857393932,0.419618986823175,13.2,30.7,3,18
"W2-LA","78",8.553153,2.39787857393932,0.419618986823175,13.2,30.7,3,18
"W2-LA","78",7.525909,2.39787857393932,0.419618986823175,13.2,30.7,3,18
"W2-LA","78",16.496586,2.39787857393932,0.419618986823175,13.2,30.7,3,18
"W2-LA","78",13.504178,2.39787857393932,0.419618986823175,13.2,30.7,3,18
"W2-LA","78",14.671937,2.39787857393932,0.419618986823175,13.2,30.7,3,18
"W2-LA","78",9.325058,2.39787857393932,0.419618986823175,13.2,30.7,3,18
"W2-LA","78",8.80314,2.39787857393932,0.419618986823175,13.2,30.7,3,18
"W2-LA","78",12.192373,2.39787857393932,0.419618986823175,13.2,30.7,3,18
"W2-LA","78",13.769249,2.39787857393932,0.419618986823175,13.2,30.7,3,18
"W2-LA","78",10.7734,2.39787857393932,0.419618986823175,13.2,30.7,3,18
"W2-LA","78",13.168616,2.39787857393932,0.419618986823175,13.2,30.7,3,18
"W2-LA","78",11.415819,2.39787857393932,0.419618986823175,13.2,30.7,3,18
"W2-LA","78",9.314112,2.39787857393932,0.419618986823175,13.2,30.7,3,18
"W2-LA","78",15.953727,2.39787857393932,0.419618986823175,13.2,30.7,3,18
"W2-LA","78",11.421391,2.39787857393932,0.419618986823175,13.2,30.7,3,18
"W2-LA","78",14.337079,2.39787857393932,0.419618986823175,13.2,30.7,3,18
"W2-LA","78",13.186244,2.39787857393932,0.419618986823175,13.2,30.7,3,18
"W2-LA","78",12.039744,2.39787857393932,0.419618986823175,13.2,30.7,3,18
"W2-LA","78",12.577607,2.39787857393932,0.419618986823175,13.2,30.7,3,18
"W2-LA","78",17.946546,2.39787857393932,0.419618986823175,13.2,30.7,3,18
"W2-LA","78",9.316497,2.39787857393932,0.419618986823175,13.2,30.7,3,18
"W2-LA","78",9.105977,2.39787857393932,0.419618986823175,13.2,30.7,3,18
"W2-LA","78",14.481817,2.39787857393932,0.419618986823175,13.2,30.7,3,18
"W2-LA","78",14.930348,2.39787857393932,0.419618986823175,13.2,30.7,3,18
"W2-LA","78",11.025077,2.39787857393932,0.419618986823175,13.2,30.7,3,18
"W2-LA","78",1.142439,2.39787857393932,0.419618986823175,13.2,30.7,3,18
"W2-LA","78",7.152283,2.39787857393932,0.419618986823175,13.2,30.7,3,18
"W2-LA","78",12.320346,2.39787857393932,0.419618986823175,13.2,30.7,3,18
"W2-LA","78",12.83451,2.39787857393932,0.419618986823175,13.2,30.7,3,18
"W2-LA","78",8.159748,2.39787857393932,0.419618986823175,13.2,30.7,3,18
"W2-LA","78",10.620444,2.39787857393932,0.419618986823175,13.2,30.7,3,18
"W2-LA","78",18.095121,2.39787857393932,0.419618986823175,13.2,30.7,3,18
"W2-LA","78",9.693393,2.39787857393932,0.419618986823175,13.2,30.7,3,18
"W2-LA","78",12.341887,2.39787857393932,0.419618986823175,13.2,30.7,3,18
"W2-LA","78",13.729951,2.39787857393932,0.419618986823175,13.2,30.7,3,18
"W2-LA","78",12.494463,2.39787857393932,0.419618986823175,13.2,30.7,3,18
"W2-LA","78",16.187327,2.39787857393932,0.419618986823175,13.2,30.7,3,18
"W2-LA","78",11.014813,2.39787857393932,0.419618986823175,13.2,30.7,3,18
"W2-LA","78",9.683386,2.39787857393932,0.419618986823175,13.2,30.7,3,18
"W2-LA","78",15.585205,2.39787857393932,0.419618986823175,13.2,30.7,3,18
"W2-LA","78",15.595506,2.39787857393932,0.419618986823175,13.2,30.7,3,18
"W2-LA","78",14.294749,2.39787857393932,0.419618986823175,13.2,30.7,3,18
"W2-LA","78",10.614547,2.39787857393932,0.419618986823175,13.2,30.7,3,18
"W2-LA","78",12.626574,2.39787857393932,0.419618986823175,13.2,30.7,3,18
"W2-LA","78",9.35609,2.39787857393932,0.419618986823175,13.2,30.7,3,18
"W2-LA","78",9.687974,2.39787857393932,0.419618986823175,13.2,30.7,3,18
"W2-LA","78",13.084905,2.39787857393932,0.419618986823175,13.2,30.7,3,18
"W2-LA","78",11.453887,2.39787857393932,0.419618986823175,13.2,30.7,3,18
"W2-LA","78",10.75238,2.39787857393932,0.419618986823175,13.2,30.7,3,18
"W2-LA","78",8.084892,2.39787857393932,0.419618986823175,13.2,30.7,3,18
"W2-LA","78",13.843426,2.39787857393932,0.419618986823175,13.2,30.7,3,18
"W2-LA","78",11.520794,2.39787857393932,0.419618986823175,13.2,30.7,3,18
"W2-LA","78",10.039387,2.39787857393932,0.419618986823175,13.2,30.7,3,18
"W2-LA","78",13.639839,2.39787857393932,0.419618986823175,13.2,30.7,3,18
"W2-LA","78",7.627484,2.39787857393932,0.419618986823175,13.2,30.7,3,18
"W2-LA","78",11.250328,2.39787857393932,0.419618986823175,13.2,30.7,3,18
"W2-LA","78",11.995286,2.39787857393932,0.419618986823175,13.2,30.7,3,18
"W2-LA","78",8.706031,2.39787857393932,0.419618986823175,13.2,30.7,3,18
"W2-LA","78",12.985264,2.39787857393932,0.419618986823175,13.2,30.7,3,18
"W2-LA","78",10.679809,2.39787857393932,0.419618986823175,13.2,30.7,3,18
"W2-LA","78",12.906469,2.39787857393932,0.419618986823175,13.2,30.7,3,18
"W2-LA","78",17.391458,2.39787857393932,0.419618986823175,13.2,30.7,3,18
"W2-LA","78",13.818745,2.39787857393932,0.419618986823175,13.2,30.7,3,18
"W2-LA","78",12.127921,2.39787857393932,0.419618986823175,13.2,30.7,3,18
"W2-LA","78",13.41285,2.39787857393932,0.419618986823175,13.2,30.7,3,18
"W2-LA","78",11.054832,2.39787857393932,0.419618986823175,13.2,30.7,3,18
"W2-LA","78",14.671937,2.39787857393932,0.419618986823175,13.2,30.7,3,18
"W2-LA","78",6.034702,2.39787857393932,0.419618986823175,13.2,30.7,3,18
"W2-LA","78",15.489456,2.39787857393932,0.419618986823175,13.2,30.7,3,18
"W2-LA","78",14.658095,2.39787857393932,0.419618986823175,13.2,30.7,3,18
"W2-LA","78",7.578633,2.39787857393932,0.419618986823175,13.2,30.7,3,18
"W2-LA","78",10.065509,2.39787857393932,0.419618986823175,13.2,30.7,3,18
"W2-LA","78",15.167124,2.39787857393932,0.419618986823175,13.2,30.7,3,18
"W2-LA","78",17.003085,2.39787857393932,0.419618986823175,13.2,30.7,3,18
"W2-LA","78",20.116615,2.39787857393932,0.419618986823175,13.2,30.7,3,18
"W2-LA","78",11.000499,2.39787857393932,0.419618986823175,13.2,30.7,3,18
"W2-LA","78",7.370924,2.39787857393932,0.419618986823175,13.2,30.7,3,18
"W2-LA","78",10.233975,2.39787857393932,0.419618986823175,13.2,30.7,3,18
"W2-LA","78",16.305132,2.39787857393932,0.419618986823175,13.2,30.7,3,18
"W2-LA","78",16.59115,2.39787857393932,0.419618986823175,13.2,30.7,3,18
"W2-LA","78",13.576456,2.39787857393932,0.419618986823175,13.2,30.7,3,18
"W2-LA","78",8.629331,2.39787857393932,0.419618986823175,13.2,30.7,3,18
"W2-LA","78",9.042983,2.39787857393932,0.419618986823175,13.2,30.7,3,18
"W2-LA","78",15.037923,2.39787857393932,0.419618986823175,13.2,30.7,3,18
"W2-LA","78",11.555457,2.39787857393932,0.419618986823175,13.2,30.7,3,18
"W2-LA","78",11.286627,2.39787857393932,0.419618986823175,13.2,30.7,3,18
"W2-LA","78",16.820581,2.39787857393932,0.419618986823175,13.2,30.7,3,18
"W2-LA","78",11.819114,2.39787857393932,0.419618986823175,13.2,30.7,3,18
"W2-LA","78",11.260468,2.39787857393932,0.419618986823175,13.2,30.7,3,18
"W2-LA","78",13.418346,2.39787857393932,0.419618986823175,13.2,30.7,3,18
"W2-LA","78",16.374422,2.39787857393932,0.419618986823175,13.2,30.7,3,18
"W2-LA","78",15.073412,2.39787857393932,0.419618986823175,13.2,30.7,3,18
"W1-TX","78",9.98895,2.40545175643359,0.419839177949065,13.8,30.5,5.9,36.7
"W1-TX","78",18.051112,2.40545175643359,0.419839177949065,13.8,30.5,5.9,36.7
"W1-TX","78",14.427469,2.40545175643359,0.419839177949065,13.8,30.5,5.9,36.7
"W1-TX","78",12.403909,2.40545175643359,0.419839177949065,13.8,30.5,5.9,36.7
"W1-TX","78",11.572058,2.40545175643359,0.419839177949065,13.8,30.5,5.9,36.7
"W1-TX","78",15.091356,2.40545175643359,0.419839177949065,13.8,30.5,5.9,36.7
"W1-TX","78",14.596015,2.40545175643359,0.419839177949065,13.8,30.5,5.9,36.7
"W1-TX","78",12.134588,2.40545175643359,0.419839177949065,13.8,30.5,5.9,36.7
"W1-TX","78",22.953081,2.40545175643359,0.419839177949065,13.8,30.5,5.9,36.7
"W1-TX","78",14.843735,2.40545175643359,0.419839177949065,13.8,30.5,5.9,36.7
"W1-TX","78",11.073934,2.40545175643359,0.419839177949065,13.8,30.5,5.9,36.7
"W1-TX","78",14.044361,2.40545175643359,0.419839177949065,13.8,30.5,5.9,36.7
"W1-TX","78",13.102113,2.40545175643359,0.419839177949065,13.8,30.5,5.9,36.7
"W1-TX","78",10.877821,2.40545175643359,0.419839177949065,13.8,30.5,5.9,36.7
"W1-TX","78",14.998827,2.40545175643359,0.419839177949065,13.8,30.5,5.9,36.7
"W1-TX","78",11.557367,2.40545175643359,0.419839177949065,13.8,30.5,5.9,36.7
"W1-TX","78",11.80545,2.40545175643359,0.419839177949065,13.8,30.5,5.9,36.7
"W1-TX","78",10.191889,2.40545175643359,0.419839177949065,13.8,30.5,5.9,36.7
"W1-TX","78",15.418163,2.40545175643359,0.419839177949065,13.8,30.5,5.9,36.7
"W1-TX","78",16.25302,2.40545175643359,0.419839177949065,13.8,30.5,5.9,36.7
"W1-TX","78",12.858733,2.40545175643359,0.419839177949065,13.8,30.5,5.9,36.7
"W1-TX","78",10.79598,2.40545175643359,0.419839177949065,13.8,30.5,5.9,36.7
"W1-TX","78",17.344359,2.40545175643359,0.419839177949065,13.8,30.5,5.9,36.7
"W1-TX","78",7.129908,2.40545175643359,0.419839177949065,13.8,30.5,5.9,36.7
"W1-TX","78",9.916156,2.40545175643359,0.419839177949065,13.8,30.5,5.9,36.7
"W1-TX","78",12.238748,2.40545175643359,0.419839177949065,13.8,30.5,5.9,36.7
"W1-TX","78",8.133277,2.40545175643359,0.419839177949065,13.8,30.5,5.9,36.7
"W1-TX","78",14.199277,2.40545175643359,0.419839177949065,13.8,30.5,5.9,36.7
"W1-TX","78",17.453277,2.40545175643359,0.419839177949065,13.8,30.5,5.9,36.7
"W1-TX","78",11.835842,2.40545175643359,0.419839177949065,13.8,30.5,5.9,36.7
"W1-TX","78",15.251439,2.40545175643359,0.419839177949065,13.8,30.5,5.9,36.7
"W1-TX","78",13.433913,2.40545175643359,0.419839177949065,13.8,30.5,5.9,36.7
"W1-TX","78",11.486628,2.40545175643359,0.419839177949065,13.8,30.5,5.9,36.7
"W1-TX","78",11.429931,2.40545175643359,0.419839177949065,13.8,30.5,5.9,36.7
"W1-TX","78",12.563207,2.40545175643359,0.419839177949065,13.8,30.5,5.9,36.7
"W1-TX","78",7.414376,2.40545175643359,0.419839177949065,13.8,30.5,5.9,36.7
"W1-TX","78",17.684342,2.40545175643359,0.419839177949065,13.8,30.5,5.9,36.7
"W1-TX","78",13.023618,2.40545175643359,0.419839177949065,13.8,30.5,5.9,36.7
"W1-TX","78",12.696423,2.40545175643359,0.419839177949065,13.8,30.5,5.9,36.7
"W1-TX","78",12.085083,2.40545175643359,0.419839177949065,13.8,30.5,5.9,36.7
"W1-TX","78",9.635252,2.40545175643359,0.419839177949065,13.8,30.5,5.9,36.7
"W1-TX","78",10.839981,2.40545175643359,0.419839177949065,13.8,30.5,5.9,36.7
"W1-TX","78",12.765676,2.40545175643359,0.419839177949065,13.8,30.5,5.9,36.7
"W1-TX","78",11.35662,2.40545175643359,0.419839177949065,13.8,30.5,5.9,36.7
"W1-TX","78",13.047331,2.40545175643359,0.419839177949065,13.8,30.5,5.9,36.7
"W1-TX","78",10.483798,2.40545175643359,0.419839177949065,13.8,30.5,5.9,36.7
"W1-TX","78",11.631923,2.40545175643359,0.419839177949065,13.8,30.5,5.9,36.7
"W1-TX","78",12.067668,2.40545175643359,0.419839177949065,13.8,30.5,5.9,36.7
"W1-TX","78",12.994392,2.40545175643359,0.419839177949065,13.8,30.5,5.9,36.7
"W1-TX","78",6.61399,2.40545175643359,0.419839177949065,13.8,30.5,5.9,36.7
"W1-TX","78",16.706407,2.40545175643359,0.419839177949065,13.8,30.5,5.9,36.7
"W1-TX","78",10.289748,2.40545175643359,0.419839177949065,13.8,30.5,5.9,36.7
"W1-TX","78",11.816096,2.40545175643359,0.419839177949065,13.8,30.5,5.9,36.7
"W1-TX","78",10.759453,2.40545175643359,0.419839177949065,13.8,30.5,5.9,36.7
"W1-TX","78",9.51236,2.40545175643359,0.419839177949065,13.8,30.5,5.9,36.7
"W1-TX","78",10.297601,2.40545175643359,0.419839177949065,13.8,30.5,5.9,36.7
"W1-TX","78",11.585825,2.40545175643359,0.419839177949065,13.8,30.5,5.9,36.7
"W1-TX","78",9.11178,2.40545175643359,0.419839177949065,13.8,30.5,5.9,36.7
"W1-TX","78",16.278006,2.40545175643359,0.419839177949065,13.8,30.5,5.9,36.7
"W1-TX","78",12.544308,2.40545175643359,0.419839177949065,13.8,30.5,5.9,36.7
"W1-TX","78",11.31304,2.40545175643359,0.419839177949065,13.8,30.5,5.9,36.7
"W1-TX","78",11.090953,2.40545175643359,0.419839177949065,13.8,30.5,5.9,36.7
"W1-TX","78",10.083807,2.40545175643359,0.419839177949065,13.8,30.5,5.9,36.7
"W1-TX","78",13.1673,2.40545175643359,0.419839177949065,13.8,30.5,5.9,36.7
"W1-TX","78",19.834463,2.40545175643359,0.419839177949065,13.8,30.5,5.9,36.7
"W1-TX","78",18.185626,2.40545175643359,0.419839177949065,13.8,30.5,5.9,36.7
"W1-TX","78",13.81251,2.40545175643359,0.419839177949065,13.8,30.5,5.9,36.7
"W1-TX","78",12.278909,2.40545175643359,0.419839177949065,13.8,30.5,5.9,36.7
"W1-TX","78",13.352941,2.40545175643359,0.419839177949065,13.8,30.5,5.9,36.7
"W1-TX","78",11.602292,2.40545175643359,0.419839177949065,13.8,30.5,5.9,36.7
"W1-TX","78",13.286773,2.40545175643359,0.419839177949065,13.8,30.5,5.9,36.7
"W1-TX","78",12.068572,2.40545175643359,0.419839177949065,13.8,30.5,5.9,36.7
"W1-TX","78",14.875499,2.40545175643359,0.419839177949065,13.8,30.5,5.9,36.7
"W1-TX","78",22.926689,2.40545175643359,0.419839177949065,13.8,30.5,5.9,36.7
"W1-TX","78",13.42206,2.40545175643359,0.419839177949065,13.8,30.5,5.9,36.7
"W1-TX","78",14.090316,2.40545175643359,0.419839177949065,13.8,30.5,5.9,36.7
"W1-TX","78",18.696819,2.40545175643359,0.419839177949065,13.8,30.5,5.9,36.7
"W1-TX","78",9.515412,2.40545175643359,0.419839177949065,13.8,30.5,5.9,36.7
"W1-TX","78",13.938779,2.40545175643359,0.419839177949065,13.8,30.5,5.9,36.7
"W1-TX","78",14.089939,2.40545175643359,0.419839177949065,13.8,30.5,5.9,36.7
"W1-TX","78",11.726683,2.40545175643359,0.419839177949065,13.8,30.5,5.9,36.7
"W1-TX","78",10.911879,2.40545175643359,0.419839177949065,13.8,30.5,5.9,36.7
"W1-TX","78",13.066078,2.40545175643359,0.419839177949065,13.8,30.5,5.9,36.7
"W1-TX","78",15.569519,2.40545175643359,0.419839177949065,13.8,30.5,5.9,36.7
"W1-TX","78",21.041134,2.40545175643359,0.419839177949065,13.8,30.5,5.9,36.7
"W1-TX","78",12.598548,2.40545175643359,0.419839177949065,13.8,30.5,5.9,36.7
"W1-TX","78",11.543307,2.40545175643359,0.419839177949065,13.8,30.5,5.9,36.7
"W1-TX","78",14.351708,2.40545175643359,0.419839177949065,13.8,30.5,5.9,36.7
"W1-TX","78",9.149525,2.40545175643359,0.419839177949065,13.8,30.5,5.9,36.7
"W1-TX","78",10.969904,2.40545175643359,0.419839177949065,13.8,30.5,5.9,36.7
"W1-TX","78",8.499214,2.40545175643359,0.419839177949065,13.8,30.5,5.9,36.7
"W1-TX","78",13.341462,2.40545175643359,0.419839177949065,13.8,30.5,5.9,36.7
"W1-TX","78",15.414564,2.40545175643359,0.419839177949065,13.8,30.5,5.9,36.7
"W1-TX","78",13.446732,2.40545175643359,0.419839177949065,13.8,30.5,5.9,36.7
"W1-TX","78",6.228012,2.40545175643359,0.419839177949065,13.8,30.5,5.9,36.7
"W1-TX","78",13.539369,2.40545175643359,0.419839177949065,13.8,30.5,5.9,36.7
"W1-TX","78",15.246201,2.40545175643359,0.419839177949065,13.8,30.5,5.9,36.7
"W1-TX","78",13.811796,2.40545175643359,0.419839177949065,13.8,30.5,5.9,36.7
"W1-TX","78",14.602607,2.40545175643359,0.419839177949065,13.8,30.5,5.9,36.7
"W1-TX","78",11.195405,2.40545175643359,0.419839177949065,13.8,30.5,5.9,36.7
"W1-TX","78",7.743486,2.40545175643359,0.419839177949065,13.8,30.5,5.9,36.7
"W1-TX","78",10.423204,2.40545175643359,0.419839177949065,13.8,30.5,5.9,36.7
"W1-TX","78",11.060793,2.40545175643359,0.419839177949065,13.8,30.5,5.9,36.7
"W1-TX","78",12.811551,2.40545175643359,0.419839177949065,13.8,30.5,5.9,36.7
"W1-TX","78",11.388849,2.40545175643359,0.419839177949065,13.8,30.5,5.9,36.7
"W1-TX","78",8.42689,2.40545175643359,0.419839177949065,13.8,30.5,5.9,36.7
"W1-TX","78",9.421368,2.40545175643359,0.419839177949065,13.8,30.5,5.9,36.7
"W1-TX","78",10.016883,2.40545175643359,0.419839177949065,13.8,30.5,5.9,36.7
"W1-TX","78",18.017394,2.40545175643359,0.419839177949065,13.8,30.5,5.9,36.7
"W1-TX","78",16.533373,2.40545175643359,0.419839177949065,13.8,30.5,5.9,36.7
"W1-TX","78",12.143379,2.40545175643359,0.419839177949065,13.8,30.5,5.9,36.7
"W1-TX","78",16.341047,2.40545175643359,0.419839177949065,13.8,30.5,5.9,36.7
"W1-TX","78",16.948067,2.40545175643359,0.419839177949065,13.8,30.5,5.9,36.7
"W1-TX","78",14.472959,2.40545175643359,0.419839177949065,13.8,30.5,5.9,36.7
"W1-TX","78",17.665225,2.40545175643359,0.419839177949065,13.8,30.5,5.9,36.7
"W1-TX","78",13.866438,2.40545175643359,0.419839177949065,13.8,30.5,5.9,36.7
"W6-ME","78",14.990175,2.31363250161347,0.376451785016721,7.563,21.5,26.29,31.48
"W6-ME","78",13.182636,2.31363250161347,0.376451785016721,7.563,21.5,26.29,31.48
"W6-ME","78",13.171077,2.31363250161347,0.376451785016721,7.563,21.5,26.29,31.48
"W6-ME","78",8.003881,2.31363250161347,0.376451785016721,7.563,21.5,26.29,31.48
"W6-ME","78",10.462573,2.31363250161347,0.376451785016721,7.563,21.5,26.29,31.48
"W6-ME","78",15.460211,2.31363250161347,0.376451785016721,7.563,21.5,26.29,31.48
"W6-ME","78",12.172087,2.31363250161347,0.376451785016721,7.563,21.5,26.29,31.48
"W6-ME","78",10.344313,2.31363250161347,0.376451785016721,7.563,21.5,26.29,31.48
"W6-ME","78",11.095286,2.31363250161347,0.376451785016721,7.563,21.5,26.29,31.48
"W6-ME","78",11.152381,2.31363250161347,0.376451785016721,7.563,21.5,26.29,31.48
"W6-ME","78",18.879245,2.31363250161347,0.376451785016721,7.563,21.5,26.29,31.48
"W6-ME","78",5.365185,2.31363250161347,0.376451785016721,7.563,21.5,26.29,31.48
"W6-ME","78",14.367194,2.31363250161347,0.376451785016721,7.563,21.5,26.29,31.48
"W6-ME","78",15.712105,2.31363250161347,0.376451785016721,7.563,21.5,26.29,31.48
"W6-ME","78",6.846616,2.31363250161347,0.376451785016721,7.563,21.5,26.29,31.48
"W6-ME","78",11.861555,2.31363250161347,0.376451785016721,7.563,21.5,26.29,31.48
"W6-ME","78",16.482422,2.31363250161347,0.376451785016721,7.563,21.5,26.29,31.48
"W6-ME","78",9.50198,2.31363250161347,0.376451785016721,7.563,21.5,26.29,31.48
"W6-ME","78",9.483286,2.31363250161347,0.376451785016721,7.563,21.5,26.29,31.48
"W6-ME","78",16.344761,2.31363250161347,0.376451785016721,7.563,21.5,26.29,31.48
"W6-ME","78",9.684181,2.31363250161347,0.376451785016721,7.563,21.5,26.29,31.48
"W6-ME","78",15.337726,2.31363250161347,0.376451785016721,7.563,21.5,26.29,31.48
"W6-ME","78",17.701948,2.31363250161347,0.376451785016721,7.563,21.5,26.29,31.48
"W6-ME","78",10.25054,2.31363250161347,0.376451785016721,7.563,21.5,26.29,31.48
"W6-ME","78",7.673273,2.31363250161347,0.376451785016721,7.563,21.5,26.29,31.48
"W6-ME","78",11.028044,2.31363250161347,0.376451785016721,7.563,21.5,26.29,31.48
"W6-ME","78",14.515057,2.31363250161347,0.376451785016721,7.563,21.5,26.29,31.48
"W6-ME","78",12.348603,2.31363250161347,0.376451785016721,7.563,21.5,26.29,31.48
"W6-ME","78",5.248994,2.31363250161347,0.376451785016721,7.563,21.5,26.29,31.48
"W6-ME","78",15.712246,2.31363250161347,0.376451785016721,7.563,21.5,26.29,31.48
"W6-ME","78",12.922748,2.31363250161347,0.376451785016721,7.563,21.5,26.29,31.48
"W6-ME","78",18.715577,2.31363250161347,0.376451785016721,7.563,21.5,26.29,31.48
"W6-ME","78",17.764656,2.31363250161347,0.376451785016721,7.563,21.5,26.29,31.48
"W6-ME","78",8.155603,2.31363250161347,0.376451785016721,7.563,21.5,26.29,31.48
"W6-ME","78",11.363397,2.31363250161347,0.376451785016721,7.563,21.5,26.29,31.48
"W6-ME","78",9.030161,2.31363250161347,0.376451785016721,7.563,21.5,26.29,31.48
"W6-ME","78",10.112564,2.31363250161347,0.376451785016721,7.563,21.5,26.29,31.48
"W6-ME","78",12.212778,2.31363250161347,0.376451785016721,7.563,21.5,26.29,31.48
"W6-ME","78",17.897015,2.31363250161347,0.376451785016721,7.563,21.5,26.29,31.48
"W6-ME","78",10.386184,2.31363250161347,0.376451785016721,7.563,21.5,26.29,31.48
"W6-ME","78",21.570227,2.31363250161347,0.376451785016721,7.563,21.5,26.29,31.48
"W6-ME","78",16.730682,2.31363250161347,0.376451785016721,7.563,21.5,26.29,31.48
"W6-ME","78",7.660543,2.31363250161347,0.376451785016721,7.563,21.5,26.29,31.48
"W6-ME","78",14.780564,2.31363250161347,0.376451785016721,7.563,21.5,26.29,31.48
"W6-ME","78",17.008729,2.31363250161347,0.376451785016721,7.563,21.5,26.29,31.48
"W6-ME","78",11.681098,2.31363250161347,0.376451785016721,7.563,21.5,26.29,31.48
"W6-ME","78",14.690649,2.31363250161347,0.376451785016721,7.563,21.5,26.29,31.48
"W6-ME","78",16.668206,2.31363250161347,0.376451785016721,7.563,21.5,26.29,31.48
"W6-ME","78",15.975309,2.31363250161347,0.376451785016721,7.563,21.5,26.29,31.48
"W6-ME","78",11.657508,2.31363250161347,0.376451785016721,7.563,21.5,26.29,31.48
"W6-ME","78",19.571438,2.31363250161347,0.376451785016721,7.563,21.5,26.29,31.48
"W6-ME","78",15.095028,2.31363250161347,0.376451785016721,7.563,21.5,26.29,31.48
"W6-ME","78",10.898022,2.31363250161347,0.376451785016721,7.563,21.5,26.29,31.48
"W6-ME","78",13.197311,2.31363250161347,0.376451785016721,7.563,21.5,26.29,31.48
"W6-ME","78",9.193103,2.31363250161347,0.376451785016721,7.563,21.5,26.29,31.48
"W6-ME","78",17.090008,2.31363250161347,0.376451785016721,7.563,21.5,26.29,31.48
"W6-ME","78",23.578683,2.31363250161347,0.376451785016721,7.563,21.5,26.29,31.48
"W6-ME","78",11.711188,2.31363250161347,0.376451785016721,7.563,21.5,26.29,31.48
"W6-ME","78",13.273539,2.31363250161347,0.376451785016721,7.563,21.5,26.29,31.48
"W6-ME","78",10.049254,2.31363250161347,0.376451785016721,7.563,21.5,26.29,31.48
"W6-ME","78",11.042283,2.31363250161347,0.376451785016721,7.563,21.5,26.29,31.48
"W6-ME","78",9.968449,2.31363250161347,0.376451785016721,7.563,21.5,26.29,31.48
"W6-ME","78",16.891109,2.31363250161347,0.376451785016721,7.563,21.5,26.29,31.48
"W6-ME","78",19.770543,2.31363250161347,0.376451785016721,7.563,21.5,26.29,31.48
"W6-ME","78",20.658327,2.31363250161347,0.376451785016721,7.563,21.5,26.29,31.48
"W6-ME","78",18.010765,2.31363250161347,0.376451785016721,7.563,21.5,26.29,31.48
"W6-ME","78",10.543028,2.31363250161347,0.376451785016721,7.563,21.5,26.29,31.48
"W6-ME","78",10.218051,2.31363250161347,0.376451785016721,7.563,21.5,26.29,31.48
"W6-ME","78",17.3742,2.31363250161347,0.376451785016721,7.563,21.5,26.29,31.48
"W6-ME","78",18.730551,2.31363250161347,0.376451785016721,7.563,21.5,26.29,31.48
"W6-ME","78",18.439584,2.31363250161347,0.376451785016721,7.563,21.5,26.29,31.48
"W6-ME","78",17.562377,2.31363250161347,0.376451785016721,7.563,21.5,26.29,31.48
"W6-ME","78",13.246887,2.31363250161347,0.376451785016721,7.563,21.5,26.29,31.48
"W6-ME","78",16.785946,2.31363250161347,0.376451785016721,7.563,21.5,26.29,31.48
"W6-ME","78",16.8092,2.31363250161347,0.376451785016721,7.563,21.5,26.29,31.48
"W6-ME","78",10.311988,2.31363250161347,0.376451785016721,7.563,21.5,26.29,31.48
"W6-ME","78",14.03388,2.31363250161347,0.376451785016721,7.563,21.5,26.29,31.48
"W6-ME","78",14.882822,2.31363250161347,0.376451785016721,7.563,21.5,26.29,31.48
"W6-ME","78",17.539315,2.31363250161347,0.376451785016721,7.563,21.5,26.29,31.48
"W6-ME","78",17.996176,2.31363250161347,0.376451785016721,7.563,21.5,26.29,31.48
"W6-ME","78",11.90132,2.31363250161347,0.376451785016721,7.563,21.5,26.29,31.48
"W6-ME","78",15.891629,2.31363250161347,0.376451785016721,7.563,21.5,26.29,31.48
"W6-ME","78",11.164308,2.31363250161347,0.376451785016721,7.563,21.5,26.29,31.48
"W6-ME","78",18.557352,2.31363250161347,0.376451785016721,7.563,21.5,26.29,31.48
"W6-ME","78",18.017373,2.31363250161347,0.376451785016721,7.563,21.5,26.29,31.48
"W6-ME","78",17.243049,2.31363250161347,0.376451785016721,7.563,21.5,26.29,31.48
"W6-ME","78",17.174693,2.31363250161347,0.376451785016721,7.563,21.5,26.29,31.48
"W5-NH","78",14.1675,2.38685531927526,0.390086543060491,7.2,24.2,5.9,28.6
"W5-NH","78",11.382828,2.38685531927526,0.390086543060491,7.2,24.2,5.9,28.6
"W5-NH","78",8.074773,2.38685531927526,0.390086543060491,7.2,24.2,5.9,28.6
"W5-NH","78",12.207315,2.38685531927526,0.390086543060491,7.2,24.2,5.9,28.6
"W5-NH","78",9.607416,2.38685531927526,0.390086543060491,7.2,24.2,5.9,28.6
"W5-NH","78",9.377919,2.38685531927526,0.390086543060491,7.2,24.2,5.9,28.6
"W5-NH","78",9.410425,2.38685531927526,0.390086543060491,7.2,24.2,5.9,28.6
"W5-NH","78",9.511892,2.38685531927526,0.390086543060491,7.2,24.2,5.9,28.6
"W5-NH","78",6.911285,2.38685531927526,0.390086543060491,7.2,24.2,5.9,28.6
"W5-NH","78",10.557346,2.38685531927526,0.390086543060491,7.2,24.2,5.9,28.6
"W5-NH","78",8.706039,2.38685531927526,0.390086543060491,7.2,24.2,5.9,28.6
"W5-NH","78",10.592773,2.38685531927526,0.390086543060491,7.2,24.2,5.9,28.6
"W5-NH","78",12.873266,2.38685531927526,0.390086543060491,7.2,24.2,5.9,28.6
"W5-NH","78",7.154463,2.38685531927526,0.390086543060491,7.2,24.2,5.9,28.6
"W5-NH","78",9.951296,2.38685531927526,0.390086543060491,7.2,24.2,5.9,28.6
"W5-NH","78",8.147182,2.38685531927526,0.390086543060491,7.2,24.2,5.9,28.6
"W5-NH","78",8.634813,2.38685531927526,0.390086543060491,7.2,24.2,5.9,28.6
"W5-NH","78",7.05933,2.38685531927526,0.390086543060491,7.2,24.2,5.9,28.6
"W5-NH","78",9.58912,2.38685531927526,0.390086543060491,7.2,24.2,5.9,28.6
"W5-NH","78",8.653323,2.38685531927526,0.390086543060491,7.2,24.2,5.9,28.6
"W5-NH","78",4.507555,2.38685531927526,0.390086543060491,7.2,24.2,5.9,28.6
"W5-NH","78",8.120315,2.38685531927526,0.390086543060491,7.2,24.2,5.9,28.6
"W5-NH","78",8.6818,2.38685531927526,0.390086543060491,7.2,24.2,5.9,28.6
"W5-NH","78",11.755642,2.38685531927526,0.390086543060491,7.2,24.2,5.9,28.6
"W5-NH","78",10.363632,2.38685531927526,0.390086543060491,7.2,24.2,5.9,28.6
"W5-NH","78",13.234471,2.38685531927526,0.390086543060491,7.2,24.2,5.9,28.6
"W5-NH","78",7.809688,2.38685531927526,0.390086543060491,7.2,24.2,5.9,28.6
"W5-NH","78",8.3957,2.38685531927526,0.390086543060491,7.2,24.2,5.9,28.6
"W5-NH","78",6.159031,2.38685531927526,0.390086543060491,7.2,24.2,5.9,28.6
"W5-NH","78",1.138,2.38685531927526,0.390086543060491,7.2,24.2,5.9,28.6
"W5-NH","78",8.416708,2.38685531927526,0.390086543060491,7.2,24.2,5.9,28.6
"W5-NH","78",13.307617,2.38685531927526,0.390086543060491,7.2,24.2,5.9,28.6
"W5-NH","78",11.630825,2.38685531927526,0.390086543060491,7.2,24.2,5.9,28.6
"W5-NH","78",7.351788,2.38685531927526,0.390086543060491,7.2,24.2,5.9,28.6
"W5-NH","78",6.298742,2.38685531927526,0.390086543060491,7.2,24.2,5.9,28.6
"W5-NH","78",7.817679,2.38685531927526,0.390086543060491,7.2,24.2,5.9,28.6
"W5-NH","78",9.194378,2.38685531927526,0.390086543060491,7.2,24.2,5.9,28.6
"W5-NH","78",10.443904,2.38685531927526,0.390086543060491,7.2,24.2,5.9,28.6
"W5-NH","78",11.144812,2.38685531927526,0.390086543060491,7.2,24.2,5.9,28.6
"W5-NH","78",6.32656,2.38685531927526,0.390086543060491,7.2,24.2,5.9,28.6
"W5-NH","78",7.640329,2.38685531927526,0.390086543060491,7.2,24.2,5.9,28.6
"W5-NH","78",6.670649,2.38685531927526,0.390086543060491,7.2,24.2,5.9,28.6
"W5-NH","78",8.189464,2.38685531927526,0.390086543060491,7.2,24.2,5.9,28.6
"W5-NH","78",7.194578,2.38685531927526,0.390086543060491,7.2,24.2,5.9,28.6
"W5-NH","78",10.526158,2.38685531927526,0.390086543060491,7.2,24.2,5.9,28.6
"W5-NH","78",13.1267,2.38685531927526,0.390086543060491,7.2,24.2,5.9,28.6
"W5-NH","78",4.889012,2.38685531927526,0.390086543060491,7.2,24.2,5.9,28.6
"W5-NH","78",18.128861,2.38685531927526,0.390086543060491,7.2,24.2,5.9,28.6
"W5-NH","78",10.277135,2.38685531927526,0.390086543060491,7.2,24.2,5.9,28.6
"W5-NH","78",9.443645,2.38685531927526,0.390086543060491,7.2,24.2,5.9,28.6
"W5-NH","78",9.174301,2.38685531927526,0.390086543060491,7.2,24.2,5.9,28.6
"W5-NH","78",12.016249,2.38685531927526,0.390086543060491,7.2,24.2,5.9,28.6
"W5-NH","78",10.545326,2.38685531927526,0.390086543060491,7.2,24.2,5.9,28.6
"W5-NH","78",15.392935,2.38685531927526,0.390086543060491,7.2,24.2,5.9,28.6
"W5-NH","78",14.56022,2.38685531927526,0.390086543060491,7.2,24.2,5.9,28.6
"W5-NH","78",7.152144,2.38685531927526,0.390086543060491,7.2,24.2,5.9,28.6
"W5-NH","78",10.280078,2.38685531927526,0.390086543060491,7.2,24.2,5.9,28.6
"W5-NH","78",8.078155,2.38685531927526,0.390086543060491,7.2,24.2,5.9,28.6
"W5-NH","78",15.595997,2.38685531927526,0.390086543060491,7.2,24.2,5.9,28.6
"W5-NH","78",12.112159,2.38685531927526,0.390086543060491,7.2,24.2,5.9,28.6
"W5-NH","78",11.058779,2.38685531927526,0.390086543060491,7.2,24.2,5.9,28.6
"W5-NH","78",13.418953,2.38685531927526,0.390086543060491,7.2,24.2,5.9,28.6
"W5-NH","78",9.140742,2.38685531927526,0.390086543060491,7.2,24.2,5.9,28.6
"W5-NH","78",9.10963,2.38685531927526,0.390086543060491,7.2,24.2,5.9,28.6
"W5-NH","78",14.886235,2.38685531927526,0.390086543060491,7.2,24.2,5.9,28.6
"W5-NH","78",9.67975,2.38685531927526,0.390086543060491,7.2,24.2,5.9,28.6
"W5-NH","78",11.894988,2.38685531927526,0.390086543060491,7.2,24.2,5.9,28.6
"W5-NH","78",9.434033,2.38685531927526,0.390086543060491,7.2,24.2,5.9,28.6
"W5-NH","78",9.457891,2.38685531927526,0.390086543060491,7.2,24.2,5.9,28.6
"W5-NH","78",13.965393,2.38685531927526,0.390086543060491,7.2,24.2,5.9,28.6
"W5-NH","78",9.807215,2.38685531927526,0.390086543060491,7.2,24.2,5.9,28.6
"W5-NH","78",11.966213,2.38685531927526,0.390086543060491,7.2,24.2,5.9,28.6
"W5-NH","78",14.10767,2.38685531927526,0.390086543060491,7.2,24.2,5.9,28.6
"W5-NH","78",17.37781,2.38685531927526,0.390086543060491,7.2,24.2,5.9,28.6
"W5-NH","78",13.322418,2.38685531927526,0.390086543060491,7.2,24.2,5.9,28.6
"W5-NH","78",11.113428,2.38685531927526,0.390086543060491,7.2,24.2,5.9,28.6
"W5-NH","78",11.978843,2.38685531927526,0.390086543060491,7.2,24.2,5.9,28.6
"W5-NH","78",11.726975,2.38685531927526,0.390086543060491,7.2,24.2,5.9,28.6
"W5-NH","78",11.626798,2.38685531927526,0.390086543060491,7.2,24.2,5.9,28.6
"W5-NH","78",14.045084,2.38685531927526,0.390086543060491,7.2,24.2,5.9,28.6
"W5-NH","78",14.745185,2.38685531927526,0.390086543060491,7.2,24.2,5.9,28.6
"W5-NH","78",13.785623,2.38685531927526,0.390086543060491,7.2,24.2,5.9,28.6
"W5-NH","78",7.537176,2.38685531927526,0.390086543060491,7.2,24.2,5.9,28.6
"W5-NH","78",9.328589,2.38685531927526,0.390086543060491,7.2,24.2,5.9,28.6
"W5-NH","78",16.811971,2.38685531927526,0.390086543060491,7.2,24.2,5.9,28.6
"W5-NH","78",10.128429,2.38685531927526,0.390086543060491,7.2,24.2,5.9,28.6
"W5-NH","78",12.258784,2.38685531927526,0.390086543060491,7.2,24.2,5.9,28.6
"W5-NH","78",8.266083,2.38685531927526,0.390086543060491,7.2,24.2,5.9,28.6
"W5-NH","78",8.667468,2.38685531927526,0.390086543060491,7.2,24.2,5.9,28.6
"W5-NH","78",10.572255,2.38685531927526,0.390086543060491,7.2,24.2,5.9,28.6
"W5-NH","78",14.965992,2.38685531927526,0.390086543060491,7.2,24.2,5.9,28.6
"W5-NH","78",11.421532,2.38685531927526,0.390086543060491,7.2,24.2,5.9,28.6
"W5-NH","78",8.190866,2.38685531927526,0.390086543060491,7.2,24.2,5.9,28.6
"W5-NH","78",9.018981,2.38685531927526,0.390086543060491,7.2,24.2,5.9,28.6
"W5-NH","78",10.611593,2.38685531927526,0.390086543060491,7.2,24.2,5.9,28.6
"W5-NH","78",4.69578,2.38685531927526,0.390086543060491,7.2,24.2,5.9,28.6
"W5-NH","78",10.617072,2.38685531927526,0.390086543060491,7.2,24.2,5.9,28.6
"W5-NH","78",11.283976,2.38685531927526,0.390086543060491,7.2,24.2,5.9,28.6
"W5-NH","78",9.281946,2.38685531927526,0.390086543060491,7.2,24.2,5.9,28.6
"W5-NH","78",5.55434,2.38685531927526,0.390086543060491,7.2,24.2,5.9,28.6
"W5-NH","78",18.32244,2.38685531927526,0.390086543060491,7.2,24.2,5.9,28.6
"W5-NH","78",11.329426,2.38685531927526,0.390086543060491,7.2,24.2,5.9,28.6
"W5-NH","78",10.338204,2.38685531927526,0.390086543060491,7.2,24.2,5.9,28.6
"W5-NH","78",12.031859,2.38685531927526,0.390086543060491,7.2,24.2,5.9,28.6
"W5-NH","78",11.319998,2.38685531927526,0.390086543060491,7.2,24.2,5.9,28.6
"W5-NH","78",12.339314,2.38685531927526,0.390086543060491,7.2,24.2,5.9,28.6
"W5-NH","78",5.961974,2.38685531927526,0.390086543060491,7.2,24.2,5.9,28.6
"W5-NH","78",6.575549,2.38685531927526,0.390086543060491,7.2,24.2,5.9,28.6
"W5-NH","78",8.197328,2.38685531927526,0.390086543060491,7.2,24.2,5.9,28.6
"W5-NH","78",11.851219,2.38685531927526,0.390086543060491,7.2,24.2,5.9,28.6
"W5-NH","78",12.889285,2.38685531927526,0.390086543060491,7.2,24.2,5.9,28.6
"W5-NH","78",10.708414,2.38685531927526,0.390086543060491,7.2,24.2,5.9,28.6
"W5-NH","78",5.780865,2.38685531927526,0.390086543060491,7.2,24.2,5.9,28.6
"W5-NH","78",8.544004,2.38685531927526,0.390086543060491,7.2,24.2,5.9,28.6
"W5-NH","78",9.685058,2.38685531927526,0.390086543060491,7.2,24.2,5.9,28.6
"W5-NH","78",14.183936,2.38685531927526,0.390086543060491,7.2,24.2,5.9,28.6
"W5-NH","78",11.800424,2.38685531927526,0.390086543060491,7.2,24.2,5.9,28.6
"W5-NH","78",8.376658,2.38685531927526,0.390086543060491,7.2,24.2,5.9,28.6
"W5-NH","78",12.409744,2.38685531927526,0.390086543060491,7.2,24.2,5.9,28.6
"W5-NH","78",9.651029,2.38685531927526,0.390086543060491,7.2,24.2,5.9,28.6
"W5-NH","78",13.179319,2.38685531927526,0.390086543060491,7.2,24.2,5.9,28.6
"W5-NH","78",9.314807,2.38685531927526,0.390086543060491,7.2,24.2,5.9,28.6
"W5-NH","78",6.571456,2.38685531927526,0.390086543060491,7.2,24.2,5.9,28.6
"W5-NH","78",12.665913,2.38685531927526,0.390086543060491,7.2,24.2,5.9,28.6
"W5-NH","78",11.454696,2.38685531927526,0.390086543060491,7.2,24.2,5.9,28.6
"W5-NH","78",8.116448,2.38685531927526,0.390086543060491,7.2,24.2,5.9,28.6
"W5-NH","78",10.175031,2.38685531927526,0.390086543060491,7.2,24.2,5.9,28.6
"W5-NH","78",15.31821,2.38685531927526,0.390086543060491,7.2,24.2,5.9,28.6
"W5-NH","78",9.893881,2.38685531927526,0.390086543060491,7.2,24.2,5.9,28.6
"W5-NH","78",11.130617,2.38685531927526,0.390086543060491,7.2,24.2,5.9,28.6
"W5-NH","78",14.122542,2.38685531927526,0.390086543060491,7.2,24.2,5.9,28.6
"W5-NH","78",9.598358,2.38685531927526,0.390086543060491,7.2,24.2,5.9,28.6
"W5-NH","78",8.99701,2.38685531927526,0.390086543060491,7.2,24.2,5.9,28.6
"W5-NH","78",11.282053,2.38685531927526,0.390086543060491,7.2,24.2,5.9,28.6
"W5-NH","78",17.312939,2.38685531927526,0.390086543060491,7.2,24.2,5.9,28.6
"W5-NH","78",11.713077,2.38685531927526,0.390086543060491,7.2,24.2,5.9,28.6
"W5-NH","78",9.684699,2.38685531927526,0.390086543060491,7.2,24.2,5.9,28.6
"W5-NH","78",5.318216,2.38685531927526,0.390086543060491,7.2,24.2,5.9,28.6
"W5-NH","78",9.426065,2.38685531927526,0.390086543060491,7.2,24.2,5.9,28.6
"W5-NH","78",8.001844,2.38685531927526,0.390086543060491,7.2,24.2,5.9,28.6
"W5-NH","78",11.948094,2.38685531927526,0.390086543060491,7.2,24.2,5.9,28.6
"W5-NH","78",11.174904,2.38685531927526,0.390086543060491,7.2,24.2,5.9,28.6
"W5-NH","78",10.107152,2.38685531927526,0.390086543060491,7.2,24.2,5.9,28.6
"W5-NH","78",10.934146,2.38685531927526,0.390086543060491,7.2,24.2,5.9,28.6
"W5-NH","78",11.000316,2.38685531927526,0.390086543060491,7.2,24.2,5.9,28.6
"W5-NH","78",10.814085,2.38685531927526,0.390086543060491,7.2,24.2,5.9,28.6
"W5-NH","78",6.262765,2.38685531927526,0.390086543060491,7.2,24.2,5.9,28.6
"W5-NH","78",6.804436,2.38685531927526,0.390086543060491,7.2,24.2,5.9,28.6
"W5-NH","78",14.390451,2.38685531927526,0.390086543060491,7.2,24.2,5.9,28.6
"W5-NH","78",13.322457,2.38685531927526,0.390086543060491,7.2,24.2,5.9,28.6
"W5-NH","78",9.701134,2.38685531927526,0.390086543060491,7.2,24.2,5.9,28.6
"W5-NH","78",6.449062,2.38685531927526,0.390086543060491,7.2,24.2,5.9,28.6
"W5-NH","78",8.650827,2.38685531927526,0.390086543060491,7.2,24.2,5.9,28.6
"W5-NH","78",9.715719,2.38685531927526,0.390086543060491,7.2,24.2,5.9,28.6
"W5-NH","78",3.242221,2.38685531927526,0.390086543060491,7.2,24.2,5.9,28.6
"W5-NH","78",9.356324,2.38685531927526,0.390086543060491,7.2,24.2,5.9,28.6
"W5-NH","78",6.199484,2.38685531927526,0.390086543060491,7.2,24.2,5.9,28.6
"W5-NH","78",4.699106,2.38685531927526,0.390086543060491,7.2,24.2,5.9,28.6
"W5-NH","78",8.599256,2.38685531927526,0.390086543060491,7.2,24.2,5.9,28.6
"W5-NH","78",3.121025,2.38685531927526,0.390086543060491,7.2,24.2,5.9,28.6
"W5-NH","78",7.666864,2.38685531927526,0.390086543060491,7.2,24.2,5.9,28.6
"W5-NH","78",6.26929,2.38685531927526,0.390086543060491,7.2,24.2,5.9,28.6
"W5-NH","78",5.746234,2.38685531927526,0.390086543060491,7.2,24.2,5.9,28.6
"W5-NH","78",8.238932,2.38685531927526,0.390086543060491,7.2,24.2,5.9,28.6
"W5-NH","78",6.084735,2.38685531927526,0.390086543060491,7.2,24.2,5.9,28.6
"W5-NH","78",9.361197,2.38685531927526,0.390086543060491,7.2,24.2,5.9,28.6
"W5-NH","78",9.320086,2.38685531927526,0.390086543060491,7.2,24.2,5.9,28.6
"W5-NH","78",7.480107,2.38685531927526,0.390086543060491,7.2,24.2,5.9,28.6
"W5-NH","78",9.504357,2.38685531927526,0.390086543060491,7.2,24.2,5.9,28.6
"W5-NH","78",8.779704,2.38685531927526,0.390086543060491,7.2,24.2,5.9,28.6
"W5-NH","78",6.686225,2.38685531927526,0.390086543060491,7.2,24.2,5.9,28.6
"W5-NH","78",9.280776,2.38685531927526,0.390086543060491,7.2,24.2,5.9,28.6
"W5-NH","78",5.217279,2.38685531927526,0.390086543060491,7.2,24.2,5.9,28.6
"W5-NH","78",5.221532,2.38685531927526,0.390086543060491,7.2,24.2,5.9,28.6
"W5-NH","78",8.760822,2.38685531927526,0.390086543060491,7.2,24.2,5.9,28.6
"W5-NH","78",6.072528,2.38685531927526,0.390086543060491,7.2,24.2,5.9,28.6
"W5-NH","78",8.078911,2.38685531927526,0.390086543060491,7.2,24.2,5.9,28.6
"W5-NH","78",12.411221,2.38685531927526,0.390086543060491,7.2,24.2,5.9,28.6
"W5-NH","78",6.504153,2.38685531927526,0.390086543060491,7.2,24.2,5.9,28.6
"W5-NH","78",9.824052,2.38685531927526,0.390086543060491,7.2,24.2,5.9,28.6
"W5-NH","78",10.421516,2.38685531927526,0.390086543060491,7.2,24.2,5.9,28.6
"W5-NH","78",6.856296,2.38685531927526,0.390086543060491,7.2,24.2,5.9,28.6
"W5-NH","78",10.107423,2.38685531927526,0.390086543060491,7.2,24.2,5.9,28.6
"W5-NH","78",6.029925,2.38685531927526,0.390086543060491,7.2,24.2,5.9,28.6
"W5-NH","78",13.9212,2.38685531927526,0.390086543060491,7.2,24.2,5.9,28.6
"W5-NH","78",8.643333,2.38685531927526,0.390086543060491,7.2,24.2,5.9,28.6
"W5-NH","78",12.942766,2.38685531927526,0.390086543060491,7.2,24.2,5.9,28.6
"W5-NH","78",6.097344,2.38685531927526,0.390086543060491,7.2,24.2,5.9,28.6
"W5-NH","78",9.486833,2.38685531927526,0.390086543060491,7.2,24.2,5.9,28.6
"W5-NH","78",8.976592,2.38685531927526,0.390086543060491,7.2,24.2,5.9,28.6
"W5-NH","78",6.547427,2.38685531927526,0.390086543060491,7.2,24.2,5.9,28.6
"W5-NH","78",12.190816,2.38685531927526,0.390086543060491,7.2,24.2,5.9,28.6
"W5-NH","78",9.414882,2.38685531927526,0.390086543060491,7.2,24.2,5.9,28.6
"W5-NH","78",9.771796,2.38685531927526,0.390086543060491,7.2,24.2,5.9,28.6
"W5-NH","78",7.262176,2.38685531927526,0.390086543060491,7.2,24.2,5.9,28.6
"W5-NH","78",11.686368,2.38685531927526,0.390086543060491,7.2,24.2,5.9,28.6
"W5-NH","78",5.517101,2.38685531927526,0.390086543060491,7.2,24.2,5.9,28.6
"W5-NH","78",12.070526,2.38685531927526,0.390086543060491,7.2,24.2,5.9,28.6
"W4-VA","78",13.814249,2.46206251639253,0.393744104728603,7.5,29.5,0.1,7
"W4-VA","78",11.632858,2.46206251639253,0.393744104728603,7.5,29.5,0.1,7
"W4-VA","78",8.477324,2.46206251639253,0.393744104728603,7.5,29.5,0.1,7
"W4-VA","78",12.377044,2.46206251639253,0.393744104728603,7.5,29.5,0.1,7
"W4-VA","78",13.18538,2.46206251639253,0.393744104728603,7.5,29.5,0.1,7
"W4-VA","78",16.180714,2.46206251639253,0.393744104728603,7.5,29.5,0.1,7
"W4-VA","78",17.279926,2.46206251639253,0.393744104728603,7.5,29.5,0.1,7
"W4-VA","78",8.325701,2.46206251639253,0.393744104728603,7.5,29.5,0.1,7
"W4-VA","78",13.505454,2.46206251639253,0.393744104728603,7.5,29.5,0.1,7
"W4-VA","78",10.124487,2.46206251639253,0.393744104728603,7.5,29.5,0.1,7
"W4-VA","78",6.109376,2.46206251639253,0.393744104728603,7.5,29.5,0.1,7
"W4-VA","78",5.505306,2.46206251639253,0.393744104728603,7.5,29.5,0.1,7
"W4-VA","78",8.108042,2.46206251639253,0.393744104728603,7.5,29.5,0.1,7
"W4-VA","78",11.668761,2.46206251639253,0.393744104728603,7.5,29.5,0.1,7
"W4-VA","78",13.362275,2.46206251639253,0.393744104728603,7.5,29.5,0.1,7
"W4-VA","78",16.830505,2.46206251639253,0.393744104728603,7.5,29.5,0.1,7
"W4-VA","78",10.571847,2.46206251639253,0.393744104728603,7.5,29.5,0.1,7
"W4-VA","78",10.09737,2.46206251639253,0.393744104728603,7.5,29.5,0.1,7
"W4-VA","78",11.706355,2.46206251639253,0.393744104728603,7.5,29.5,0.1,7
"W4-VA","78",12.621149,2.46206251639253,0.393744104728603,7.5,29.5,0.1,7
"W4-VA","78",13.473194,2.46206251639253,0.393744104728603,7.5,29.5,0.1,7
"W4-VA","78",11.215386,2.46206251639253,0.393744104728603,7.5,29.5,0.1,7
"W4-VA","78",15.19816,2.46206251639253,0.393744104728603,7.5,29.5,0.1,7
"W4-VA","78",11.191541,2.46206251639253,0.393744104728603,7.5,29.5,0.1,7
"W4-VA","78",15.367075,2.46206251639253,0.393744104728603,7.5,29.5,0.1,7
"W4-VA","78",15.416039,2.46206251639253,0.393744104728603,7.5,29.5,0.1,7
"W4-VA","78",14.451606,2.46206251639253,0.393744104728603,7.5,29.5,0.1,7
"W4-VA","78",14.924588,2.46206251639253,0.393744104728603,7.5,29.5,0.1,7
"W4-VA","78",10.552878,2.46206251639253,0.393744104728603,7.5,29.5,0.1,7
"W4-VA","78",11.594844,2.46206251639253,0.393744104728603,7.5,29.5,0.1,7
"W4-VA","78",10.170005,2.46206251639253,0.393744104728603,7.5,29.5,0.1,7
"W4-VA","78",10.949145,2.46206251639253,0.393744104728603,7.5,29.5,0.1,7
"W4-VA","78",20.295062,2.46206251639253,0.393744104728603,7.5,29.5,0.1,7
"W4-VA","78",13.056844,2.46206251639253,0.393744104728603,7.5,29.5,0.1,7
"W4-VA","78",11.325109,2.46206251639253,0.393744104728603,7.5,29.5,0.1,7
"W4-VA","78",12.814401,2.46206251639253,0.393744104728603,7.5,29.5,0.1,7
"W4-VA","78",6.58797,2.46206251639253,0.393744104728603,7.5,29.5,0.1,7
"W4-VA","78",10.325048,2.46206251639253,0.393744104728603,7.5,29.5,0.1,7
"W4-VA","78",15.751626,2.46206251639253,0.393744104728603,7.5,29.5,0.1,7
"W4-VA","78",18.880064,2.46206251639253,0.393744104728603,7.5,29.5,0.1,7
"W4-VA","78",12.735873,2.46206251639253,0.393744104728603,7.5,29.5,0.1,7
"W4-VA","78",11.999121,2.46206251639253,0.393744104728603,7.5,29.5,0.1,7
"W4-VA","78",14.333497,2.46206251639253,0.393744104728603,7.5,29.5,0.1,7
"W4-VA","78",8.762769,2.46206251639253,0.393744104728603,7.5,29.5,0.1,7
"W4-VA","78",17.816634,2.46206251639253,0.393744104728603,7.5,29.5,0.1,7
"W4-VA","78",20.158782,2.46206251639253,0.393744104728603,7.5,29.5,0.1,7
"W4-VA","78",11.579372,2.46206251639253,0.393744104728603,7.5,29.5,0.1,7
"W4-VA","78",20.539703,2.46206251639253,0.393744104728603,7.5,29.5,0.1,7
"W4-VA","78",15.308957,2.46206251639253,0.393744104728603,7.5,29.5,0.1,7
"W4-VA","78",10.887912,2.46206251639253,0.393744104728603,7.5,29.5,0.1,7
"W4-VA","78",14.8929,2.46206251639253,0.393744104728603,7.5,29.5,0.1,7
"W4-VA","78",14.675206,2.46206251639253,0.393744104728603,7.5,29.5,0.1,7
"W4-VA","78",14.074644,2.46206251639253,0.393744104728603,7.5,29.5,0.1,7
"W4-VA","78",17.490623,2.46206251639253,0.393744104728603,7.5,29.5,0.1,7
"W4-VA","78",12.123759,2.46206251639253,0.393744104728603,7.5,29.5,0.1,7
"W4-VA","78",18.356593,2.46206251639253,0.393744104728603,7.5,29.5,0.1,7
"W4-VA","78",14.982169,2.46206251639253,0.393744104728603,7.5,29.5,0.1,7
"W4-VA","78",16.961611,2.46206251639253,0.393744104728603,7.5,29.5,0.1,7
"W4-VA","78",19.852066,2.46206251639253,0.393744104728603,7.5,29.5,0.1,7
"W4-VA","78",11.582891,2.46206251639253,0.393744104728603,7.5,29.5,0.1,7
"W4-VA","78",20.014946,2.46206251639253,0.393744104728603,7.5,29.5,0.1,7
"W4-VA","78",13.311787,2.46206251639253,0.393744104728603,7.5,29.5,0.1,7
"W4-VA","78",15.433917,2.46206251639253,0.393744104728603,7.5,29.5,0.1,7
"W4-VA","78",17.856224,2.46206251639253,0.393744104728603,7.5,29.5,0.1,7
"W4-VA","78",15.683428,2.46206251639253,0.393744104728603,7.5,29.5,0.1,7
"W4-VA","78",14.899742,2.46206251639253,0.393744104728603,7.5,29.5,0.1,7
"W4-VA","78",9.591462,2.46206251639253,0.393744104728603,7.5,29.5,0.1,7
"W4-VA","78",27.031579,2.46206251639253,0.393744104728603,7.5,29.5,0.1,7
"W4-VA","78",12.47412,2.46206251639253,0.393744104728603,7.5,29.5,0.1,7
"W4-VA","78",8.552216,2.46206251639253,0.393744104728603,7.5,29.5,0.1,7
"W4-VA","78",12.173053,2.46206251639253,0.393744104728603,7.5,29.5,0.1,7
"W4-VA","78",9.144975,2.46206251639253,0.393744104728603,7.5,29.5,0.1,7
"W4-VA","78",15.406958,2.46206251639253,0.393744104728603,7.5,29.5,0.1,7
"W4-VA","78",10.334437,2.46206251639253,0.393744104728603,7.5,29.5,0.1,7
"W4-VA","78",9.367057,2.46206251639253,0.393744104728603,7.5,29.5,0.1,7
"W4-VA","78",14.925059,2.46206251639253,0.393744104728603,7.5,29.5,0.1,7
"W4-VA","78",17.000454,2.46206251639253,0.393744104728603,7.5,29.5,0.1,7
"W4-VA","78",10.761955,2.46206251639253,0.393744104728603,7.5,29.5,0.1,7
"W4-VA","78",11.176544,2.46206251639253,0.393744104728603,7.5,29.5,0.1,7
"W4-VA","78",13.752019,2.46206251639253,0.393744104728603,7.5,29.5,0.1,7
"W4-VA","78",10.882249,2.46206251639253,0.393744104728603,7.5,29.5,0.1,7
"W4-VA","78",17.838669,2.46206251639253,0.393744104728603,7.5,29.5,0.1,7
"W4-VA","78",9.896874,2.46206251639253,0.393744104728603,7.5,29.5,0.1,7
"W4-VA","78",20.585649,2.46206251639253,0.393744104728603,7.5,29.5,0.1,7
"W4-VA","78",15.076699,2.46206251639253,0.393744104728603,7.5,29.5,0.1,7
"W4-VA","78",8.94729,2.46206251639253,0.393744104728603,7.5,29.5,0.1,7
"W4-VA","78",16.350082,2.46206251639253,0.393744104728603,7.5,29.5,0.1,7
"W4-VA","78",16.370929,2.46206251639253,0.393744104728603,7.5,29.5,0.1,7
"W4-VA","78",15.783547,2.46206251639253,0.393744104728603,7.5,29.5,0.1,7
"W4-VA","78",10.656602,2.46206251639253,0.393744104728603,7.5,29.5,0.1,7
"W4-VA","78",14.141386,2.46206251639253,0.393744104728603,7.5,29.5,0.1,7
"W4-VA","78",10.835173,2.46206251639253,0.393744104728603,7.5,29.5,0.1,7
"W4-VA","78",11.80708,2.46206251639253,0.393744104728603,7.5,29.5,0.1,7
"W4-VA","78",13.528754,2.46206251639253,0.393744104728603,7.5,29.5,0.1,7
"W4-VA","78",14.405881,2.46206251639253,0.393744104728603,7.5,29.5,0.1,7
"W4-VA","78",9.733468,2.46206251639253,0.393744104728603,7.5,29.5,0.1,7
"W4-VA","78",12.306359,2.46206251639253,0.393744104728603,7.5,29.5,0.1,7
"W4-VA","78",10.567869,2.46206251639253,0.393744104728603,7.5,29.5,0.1,7
"W4-VA","78",11.622908,2.46206251639253,0.393744104728603,7.5,29.5,0.1,7
"W4-VA","78",19.569785,2.46206251639253,0.393744104728603,7.5,29.5,0.1,7
"W4-VA","78",17.977035,2.46206251639253,0.393744104728603,7.5,29.5,0.1,7
"W4-VA","78",13.202525,2.46206251639253,0.393744104728603,7.5,29.5,0.1,7
"W4-VA","78",14.774506,2.46206251639253,0.393744104728603,7.5,29.5,0.1,7
"W4-VA","78",13.60118,2.46206251639253,0.393744104728603,7.5,29.5,0.1,7
"W4-VA","78",17.354181,2.46206251639253,0.393744104728603,7.5,29.5,0.1,7
"W4-VA","78",15.508022,2.46206251639253,0.393744104728603,7.5,29.5,0.1,7
"W4-VA","78",15.386158,2.46206251639253,0.393744104728603,7.5,29.5,0.1,7
"W4-VA","78",13.919785,2.46206251639253,0.393744104728603,7.5,29.5,0.1,7
"W4-VA","78",11.383669,2.46206251639253,0.393744104728603,7.5,29.5,0.1,7
"W4-VA","78",13.935,2.46206251639253,0.393744104728603,7.5,29.5,0.1,7
"W4-VA","78",10.600127,2.46206251639253,0.393744104728603,7.5,29.5,0.1,7
"W4-VA","78",14.910966,2.46206251639253,0.393744104728603,7.5,29.5,0.1,7
"W4-VA","78",8.093993,2.46206251639253,0.393744104728603,7.5,29.5,0.1,7
"W4-VA","78",11.282193,2.46206251639253,0.393744104728603,7.5,29.5,0.1,7
"W4-VA","78",13.668984,2.46206251639253,0.393744104728603,7.5,29.5,0.1,7
"W4-VA","78",13.960346,2.46206251639253,0.393744104728603,7.5,29.5,0.1,7
"W4-VA","78",10.940647,2.46206251639253,0.393744104728603,7.5,29.5,0.1,7
"W4-VA","78",7.621724,2.46206251639253,0.393744104728603,7.5,29.5,0.1,7
"W4-VA","78",13.602812,2.46206251639253,0.393744104728603,7.5,29.5,0.1,7
"W4-VA","78",19.238201,2.46206251639253,0.393744104728603,7.5,29.5,0.1,7
"W4-VA","78",16.025137,2.46206251639253,0.393744104728603,7.5,29.5,0.1,7
"W4-VA","78",9.95567,2.46206251639253,0.393744104728603,7.5,29.5,0.1,7
"W4-VA","78",16.045825,2.46206251639253,0.393744104728603,7.5,29.5,0.1,7
"W4-VA","78",11.60411,2.46206251639253,0.393744104728603,7.5,29.5,0.1,7
"W4-VA","78",9.073074,2.46206251639253,0.393744104728603,7.5,29.5,0.1,7
"W4-VA","78",14.776676,2.46206251639253,0.393744104728603,7.5,29.5,0.1,7
"W4-VA","78",14.081486,2.46206251639253,0.393744104728603,7.5,29.5,0.1,7
"W4-VA","78",10.998978,2.46206251639253,0.393744104728603,7.5,29.5,0.1,7
"W4-VA","78",13.703242,2.46206251639253,0.393744104728603,7.5,29.5,0.1,7
"W4-VA","78",13.706936,2.46206251639253,0.393744104728603,7.5,29.5,0.1,7
"W4-VA","78",12.051004,2.46206251639253,0.393744104728603,7.5,29.5,0.1,7
"W4-VA","78",11.372784,2.46206251639253,0.393744104728603,7.5,29.5,0.1,7
"W4-VA","78",16.8749,2.46206251639253,0.393744104728603,7.5,29.5,0.1,7
"W4-VA","78",15.658586,2.46206251639253,0.393744104728603,7.5,29.5,0.1,7
"W4-VA","78",12.971374,2.46206251639253,0.393744104728603,7.5,29.5,0.1,7
"W3-FL","78",15.561211,2.43088207519345,0.393044770715626,14.559,29.279,27.85066428,35.97585067
"W3-FL","78",19.975497,2.43088207519345,0.393044770715626,14.559,29.279,27.85066428,35.97585067
"W3-FL","78",10.43065,2.43088207519345,0.393044770715626,14.559,29.279,27.85066428,35.97585067
"W3-FL","78",11.866306,2.43088207519345,0.393044770715626,14.559,29.279,27.85066428,35.97585067
"W3-FL","78",14.296913,2.43088207519345,0.393044770715626,14.559,29.279,27.85066428,35.97585067
"W3-FL","78",14.913468,2.43088207519345,0.393044770715626,14.559,29.279,27.85066428,35.97585067
"W3-FL","78",21.912236,2.43088207519345,0.393044770715626,14.559,29.279,27.85066428,35.97585067
"W3-FL","78",11.624495,2.43088207519345,0.393044770715626,14.559,29.279,27.85066428,35.97585067
"W3-FL","78",13.650493,2.43088207519345,0.393044770715626,14.559,29.279,27.85066428,35.97585067
"W3-FL","78",15.388007,2.43088207519345,0.393044770715626,14.559,29.279,27.85066428,35.97585067
"W3-FL","78",7.532725,2.43088207519345,0.393044770715626,14.559,29.279,27.85066428,35.97585067
"W3-FL","78",15.303836,2.43088207519345,0.393044770715626,14.559,29.279,27.85066428,35.97585067
"W3-FL","78",15.556813,2.43088207519345,0.393044770715626,14.559,29.279,27.85066428,35.97585067
"W3-FL","78",13.764268,2.43088207519345,0.393044770715626,14.559,29.279,27.85066428,35.97585067
"W3-FL","78",15.592702,2.43088207519345,0.393044770715626,14.559,29.279,27.85066428,35.97585067
"W3-FL","78",18.541163,2.43088207519345,0.393044770715626,14.559,29.279,27.85066428,35.97585067
"W3-FL","78",11.340995,2.43088207519345,0.393044770715626,14.559,29.279,27.85066428,35.97585067
"W3-FL","78",7.666373,2.43088207519345,0.393044770715626,14.559,29.279,27.85066428,35.97585067
"W3-FL","78",15.444713,2.43088207519345,0.393044770715626,14.559,29.279,27.85066428,35.97585067
"W3-FL","78",12.991373,2.43088207519345,0.393044770715626,14.559,29.279,27.85066428,35.97585067
"W3-FL","78",10.102255,2.43088207519345,0.393044770715626,14.559,29.279,27.85066428,35.97585067
"W3-FL","78",11.189684,2.43088207519345,0.393044770715626,14.559,29.279,27.85066428,35.97585067
"W3-FL","78",13.6309,2.43088207519345,0.393044770715626,14.559,29.279,27.85066428,35.97585067
"W3-FL","78",14.035309,2.43088207519345,0.393044770715626,14.559,29.279,27.85066428,35.97585067
"W3-FL","78",11.409127,2.43088207519345,0.393044770715626,14.559,29.279,27.85066428,35.97585067
"W3-FL","78",16.931328,2.43088207519345,0.393044770715626,14.559,29.279,27.85066428,35.97585067
"W3-FL","78",12.966078,2.43088207519345,0.393044770715626,14.559,29.279,27.85066428,35.97585067
"W3-FL","78",10.268477,2.43088207519345,0.393044770715626,14.559,29.279,27.85066428,35.97585067
"W3-FL","78",12.081924,2.43088207519345,0.393044770715626,14.559,29.279,27.85066428,35.97585067
"W3-FL","78",10.895793,2.43088207519345,0.393044770715626,14.559,29.279,27.85066428,35.97585067
"W3-FL","78",18.010451,2.43088207519345,0.393044770715626,14.559,29.279,27.85066428,35.97585067
"W3-FL","78",12.256054,2.43088207519345,0.393044770715626,14.559,29.279,27.85066428,35.97585067
"W3-FL","78",15.239696,2.43088207519345,0.393044770715626,14.559,29.279,27.85066428,35.97585067
"W3-FL","78",8.978933,2.43088207519345,0.393044770715626,14.559,29.279,27.85066428,35.97585067
"W3-FL","78",10.015577,2.43088207519345,0.393044770715626,14.559,29.279,27.85066428,35.97585067
"W3-FL","78",15.549496,2.43088207519345,0.393044770715626,14.559,29.279,27.85066428,35.97585067
"W3-FL","78",13.189951,2.43088207519345,0.393044770715626,14.559,29.279,27.85066428,35.97585067
"W3-FL","78",14.683566,2.43088207519345,0.393044770715626,14.559,29.279,27.85066428,35.97585067
"W3-FL","78",12.105574,2.43088207519345,0.393044770715626,14.559,29.279,27.85066428,35.97585067
"W3-FL","78",11.508566,2.43088207519345,0.393044770715626,14.559,29.279,27.85066428,35.97585067
"W3-FL","78",18.978548,2.43088207519345,0.393044770715626,14.559,29.279,27.85066428,35.97585067
"W3-FL","78",14.822869,2.43088207519345,0.393044770715626,14.559,29.279,27.85066428,35.97585067
"W3-FL","78",12.393112,2.43088207519345,0.393044770715626,14.559,29.279,27.85066428,35.97585067
"W3-FL","78",12.10532,2.43088207519345,0.393044770715626,14.559,29.279,27.85066428,35.97585067
"W3-FL","78",18.667129,2.43088207519345,0.393044770715626,14.559,29.279,27.85066428,35.97585067
"W3-FL","78",18.273463,2.43088207519345,0.393044770715626,14.559,29.279,27.85066428,35.97585067
"W3-FL","78",20.584258,2.43088207519345,0.393044770715626,14.559,29.279,27.85066428,35.97585067
"W3-FL","78",14.752058,2.43088207519345,0.393044770715626,14.559,29.279,27.85066428,35.97585067
"W3-FL","78",15.817475,2.43088207519345,0.393044770715626,14.559,29.279,27.85066428,35.97585067
"W3-FL","78",14.675207,2.43088207519345,0.393044770715626,14.559,29.279,27.85066428,35.97585067
"W3-FL","78",13.346821,2.43088207519345,0.393044770715626,14.559,29.279,27.85066428,35.97585067
"W3-FL","78",18.27675,2.43088207519345,0.393044770715626,14.559,29.279,27.85066428,35.97585067
"W3-FL","78",10.732805,2.43088207519345,0.393044770715626,14.559,29.279,27.85066428,35.97585067
"W3-FL","78",12.556526,2.43088207519345,0.393044770715626,14.559,29.279,27.85066428,35.97585067
"W3-FL","78",8.80279,2.43088207519345,0.393044770715626,14.559,29.279,27.85066428,35.97585067
"W3-FL","78",11.027936,2.43088207519345,0.393044770715626,14.559,29.279,27.85066428,35.97585067
"W3-FL","78",12.701634,2.43088207519345,0.393044770715626,14.559,29.279,27.85066428,35.97585067
"W3-FL","78",13.071846,2.43088207519345,0.393044770715626,14.559,29.279,27.85066428,35.97585067
"W3-FL","78",14.609066,2.43088207519345,0.393044770715626,14.559,29.279,27.85066428,35.97585067
"W3-FL","78",17.862091,2.43088207519345,0.393044770715626,14.559,29.279,27.85066428,35.97585067
"W3-FL","78",12.220287,2.43088207519345,0.393044770715626,14.559,29.279,27.85066428,35.97585067
"W3-FL","78",15.819111,2.43088207519345,0.393044770715626,14.559,29.279,27.85066428,35.97585067
"W3-FL","78",10.051426,2.43088207519345,0.393044770715626,14.559,29.279,27.85066428,35.97585067
"W3-FL","78",3.681497,2.43088207519345,0.393044770715626,14.559,29.279,27.85066428,35.97585067
"W3-FL","78",10.917092,2.43088207519345,0.393044770715626,14.559,29.279,27.85066428,35.97585067
"W3-FL","78",9.337767,2.43088207519345,0.393044770715626,14.559,29.279,27.85066428,35.97585067
"W3-FL","78",12.056002,2.43088207519345,0.393044770715626,14.559,29.279,27.85066428,35.97585067
"W3-FL","78",18.564943,2.43088207519345,0.393044770715626,14.559,29.279,27.85066428,35.97585067
"W3-FL","78",13.066626,2.43088207519345,0.393044770715626,14.559,29.279,27.85066428,35.97585067
"W3-FL","78",13.259523,2.43088207519345,0.393044770715626,14.559,29.279,27.85066428,35.97585067
"W3-FL","78",13.139518,2.43088207519345,0.393044770715626,14.559,29.279,27.85066428,35.97585067
"W3-FL","78",19.101192,2.43088207519345,0.393044770715626,14.559,29.279,27.85066428,35.97585067
"W3-FL","78",18.577846,2.43088207519345,0.393044770715626,14.559,29.279,27.85066428,35.97585067
"W3-FL","78",16.711583,2.43088207519345,0.393044770715626,14.559,29.279,27.85066428,35.97585067
"W3-FL","78",16.944667,2.43088207519345,0.393044770715626,14.559,29.279,27.85066428,35.97585067
"W3-FL","78",14.412741,2.43088207519345,0.393044770715626,14.559,29.279,27.85066428,35.97585067
"W3-FL","78",20.706706,2.43088207519345,0.393044770715626,14.559,29.279,27.85066428,35.97585067
"W3-FL","78",15.635176,2.43088207519345,0.393044770715626,14.559,29.279,27.85066428,35.97585067
"W3-FL","78",12.0396,2.43088207519345,0.393044770715626,14.559,29.279,27.85066428,35.97585067
"W3-FL","78",7.095838,2.43088207519345,0.393044770715626,14.559,29.279,27.85066428,35.97585067
"W3-FL","78",11.956662,2.43088207519345,0.393044770715626,14.559,29.279,27.85066428,35.97585067
"W3-FL","78",13.735223,2.43088207519345,0.393044770715626,14.559,29.279,27.85066428,35.97585067
"W3-FL","78",12.441339,2.43088207519345,0.393044770715626,14.559,29.279,27.85066428,35.97585067
"W3-FL","78",10.399735,2.43088207519345,0.393044770715626,14.559,29.279,27.85066428,35.97585067
"W3-FL","78",13.918518,2.43088207519345,0.393044770715626,14.559,29.279,27.85066428,35.97585067
"W3-FL","78",12.227857,2.43088207519345,0.393044770715626,14.559,29.279,27.85066428,35.97585067
"W3-FL","78",15.68145,2.43088207519345,0.393044770715626,14.559,29.279,27.85066428,35.97585067
"W3-FL","78",14.305238,2.43088207519345,0.393044770715626,14.559,29.279,27.85066428,35.97585067
"W3-FL","78",12.658387,2.43088207519345,0.393044770715626,14.559,29.279,27.85066428,35.97585067
"W3-FL","78",14.563171,2.43088207519345,0.393044770715626,14.559,29.279,27.85066428,35.97585067
"W3-FL","78",17.724371,2.43088207519345,0.393044770715626,14.559,29.279,27.85066428,35.97585067
"W3-FL","78",12.344532,2.43088207519345,0.393044770715626,14.559,29.279,27.85066428,35.97585067
"W3-FL","78",11.486088,2.43088207519345,0.393044770715626,14.559,29.279,27.85066428,35.97585067
"W3-FL","78",13.467831,2.43088207519345,0.393044770715626,14.559,29.279,27.85066428,35.97585067
"W3-FL","78",13.315247,2.43088207519345,0.393044770715626,14.559,29.279,27.85066428,35.97585067
"W3-FL","78",14.411982,2.43088207519345,0.393044770715626,14.559,29.279,27.85066428,35.97585067
"W3-FL","78",8.386576,2.43088207519345,0.393044770715626,14.559,29.279,27.85066428,35.97585067
"W3-FL","78",17.655935,2.43088207519345,0.393044770715626,14.559,29.279,27.85066428,35.97585067
"W3-FL","78",16.67884,2.43088207519345,0.393044770715626,14.559,29.279,27.85066428,35.97585067
"W3-FL","78",15.11996,2.43088207519345,0.393044770715626,14.559,29.279,27.85066428,35.97585067
"W3-FL","78",18.291535,2.43088207519345,0.393044770715626,14.559,29.279,27.85066428,35.97585067
"W3-FL","78",5.722064,2.43088207519345,0.393044770715626,14.559,29.279,27.85066428,35.97585067
"W3-FL","78",17.58196,2.43088207519345,0.393044770715626,14.559,29.279,27.85066428,35.97585067
"W3-FL","78",15.259426,2.43088207519345,0.393044770715626,14.559,29.279,27.85066428,35.97585067
"W3-FL","78",9.551431,2.43088207519345,0.393044770715626,14.559,29.279,27.85066428,35.97585067
"W3-FL","78",15.029631,2.43088207519345,0.393044770715626,14.559,29.279,27.85066428,35.97585067
"W3-FL","78",12.839347,2.43088207519345,0.393044770715626,14.559,29.279,27.85066428,35.97585067
"W3-FL","78",16.166163,2.43088207519345,0.393044770715626,14.559,29.279,27.85066428,35.97585067
"W3-FL","78",9.584838,2.43088207519345,0.393044770715626,14.559,29.279,27.85066428,35.97585067
"W3-FL","78",9.714687,2.43088207519345,0.393044770715626,14.559,29.279,27.85066428,35.97585067
"W3-FL","78",17.884915,2.43088207519345,0.393044770715626,14.559,29.279,27.85066428,35.97585067
"S1-LOLA","78",21.564685,2.38590892324612,0.410116929790295,7.2,28.2,8.7,16.6
"S1-LOLA","78",11.979321,2.38590892324612,0.410116929790295,7.2,28.2,8.7,16.6
"S1-LOLA","78",21.881158,2.38590892324612,0.410116929790295,7.2,28.2,8.7,16.6
"S1-LOLA","78",19.604934,2.38590892324612,0.410116929790295,7.2,28.2,8.7,16.6
"S1-LOLA","78",25.358688,2.38590892324612,0.410116929790295,7.2,28.2,8.7,16.6
"S1-LOLA","78",22.104496,2.38590892324612,0.410116929790295,7.2,28.2,8.7,16.6
"S1-LOLA","78",18.65659,2.38590892324612,0.410116929790295,7.2,28.2,8.7,16.6
"S1-LOLA","78",19.216446,2.38590892324612,0.410116929790295,7.2,28.2,8.7,16.6
"S1-LOLA","78",18.149733,2.38590892324612,0.410116929790295,7.2,28.2,8.7,16.6
"S1-LOLA","78",17.680084,2.38590892324612,0.410116929790295,7.2,28.2,8.7,16.6
"S1-LOLA","78",24.519195,2.38590892324612,0.410116929790295,7.2,28.2,8.7,16.6
"S1-LOLA","78",25.866736,2.38590892324612,0.410116929790295,7.2,28.2,8.7,16.6
"S1-LOLA","78",26.102592,2.38590892324612,0.410116929790295,7.2,28.2,8.7,16.6
"S1-LOLA","78",10.300233,2.38590892324612,0.410116929790295,7.2,28.2,8.7,16.6
"S1-LOLA","78",21.425475,2.38590892324612,0.410116929790295,7.2,28.2,8.7,16.6
"S1-LOLA","78",20.234322,2.38590892324612,0.410116929790295,7.2,28.2,8.7,16.6
"S1-LOLA","78",18.627171,2.38590892324612,0.410116929790295,7.2,28.2,8.7,16.6
"S1-LOLA","78",13.20021,2.38590892324612,0.410116929790295,7.2,28.2,8.7,16.6
"S1-LOLA","78",28.2954,2.38590892324612,0.410116929790295,7.2,28.2,8.7,16.6
"S1-LOLA","78",15.427834,2.38590892324612,0.410116929790295,7.2,28.2,8.7,16.6
"S1-LOLA","78",18.808402,2.38590892324612,0.410116929790295,7.2,28.2,8.7,16.6
"S1-LOLA","78",14.557314,2.38590892324612,0.410116929790295,7.2,28.2,8.7,16.6
"S1-LOLA","78",15.535508,2.38590892324612,0.410116929790295,7.2,28.2,8.7,16.6
"S1-LOLA","78",17.177405,2.38590892324612,0.410116929790295,7.2,28.2,8.7,16.6
"S1-LOLA","78",15.540067,2.38590892324612,0.410116929790295,7.2,28.2,8.7,16.6
"S1-LOLA","78",20.71887,2.38590892324612,0.410116929790295,7.2,28.2,8.7,16.6
"S1-LOLA","78",21.754796,2.38590892324612,0.410116929790295,7.2,28.2,8.7,16.6
"S1-LOLA","78",14.121551,2.38590892324612,0.410116929790295,7.2,28.2,8.7,16.6
"S1-LOLA","78",15.910831,2.38590892324612,0.410116929790295,7.2,28.2,8.7,16.6
"S1-LOLA","78",18.49989,2.38590892324612,0.410116929790295,7.2,28.2,8.7,16.6
"S1-LOLA","78",20.906767,2.38590892324612,0.410116929790295,7.2,28.2,8.7,16.6
"S1-LOLA","78",18.080177,2.38590892324612,0.410116929790295,7.2,28.2,8.7,16.6
"S1-LOLA","78",19.651217,2.38590892324612,0.410116929790295,7.2,28.2,8.7,16.6
"S1-LOLA","78",16.820618,2.38590892324612,0.410116929790295,7.2,28.2,8.7,16.6
"S1-LOLA","78",22.280398,2.38590892324612,0.410116929790295,7.2,28.2,8.7,16.6
"S1-LOLA","78",10.527195,2.38590892324612,0.410116929790295,7.2,28.2,8.7,16.6
"S1-LOLA","78",19.731394,2.38590892324612,0.410116929790295,7.2,28.2,8.7,16.6
"S1-LOLA","78",15.658414,2.38590892324612,0.410116929790295,7.2,28.2,8.7,16.6
"S1-LOLA","78",13.158431,2.38590892324612,0.410116929790295,7.2,28.2,8.7,16.6
"S1-LOLA","78",22.249322,2.38590892324612,0.410116929790295,7.2,28.2,8.7,16.6
"S1-LOLA","78",10.515485,2.38590892324612,0.410116929790295,7.2,28.2,8.7,16.6
"S1-LOLA","78",20.772241,2.38590892324612,0.410116929790295,7.2,28.2,8.7,16.6
"S1-LOLA","78",19.45258,2.38590892324612,0.410116929790295,7.2,28.2,8.7,16.6
"S1-LOLA","78",17.66202,2.38590892324612,0.410116929790295,7.2,28.2,8.7,16.6
"S1-LOLA","78",19.172052,2.38590892324612,0.410116929790295,7.2,28.2,8.7,16.6
"S1-LOLA","78",13.760744,2.38590892324612,0.410116929790295,7.2,28.2,8.7,16.6
"S1-LOLA","78",15.934696,2.38590892324612,0.410116929790295,7.2,28.2,8.7,16.6
"S1-LOLA","78",16.587136,2.38590892324612,0.410116929790295,7.2,28.2,8.7,16.6
"S1-LOLA","78",16.884332,2.38590892324612,0.410116929790295,7.2,28.2,8.7,16.6
"S1-LOLA","78",15.993573,2.38590892324612,0.410116929790295,7.2,28.2,8.7,16.6
"S1-LOLA","78",7.793877,2.38590892324612,0.410116929790295,7.2,28.2,8.7,16.6
"S1-LOLA","78",18.073226,2.38590892324612,0.410116929790295,7.2,28.2,8.7,16.6
"S1-LOLA","78",13.724647,2.38590892324612,0.410116929790295,7.2,28.2,8.7,16.6
"S1-LOLA","78",14.756912,2.38590892324612,0.410116929790295,7.2,28.2,8.7,16.6
"S1-LOLA","78",20.125542,2.38590892324612,0.410116929790295,7.2,28.2,8.7,16.6
"S1-LOLA","78",17.988834,2.38590892324612,0.410116929790295,7.2,28.2,8.7,16.6
"S1-LOLA","78",17.235141,2.38590892324612,0.410116929790295,7.2,28.2,8.7,16.6
"S1-LOLA","78",17.061362,2.38590892324612,0.410116929790295,7.2,28.2,8.7,16.6
"S1-LOLA","78",15.797122,2.38590892324612,0.410116929790295,7.2,28.2,8.7,16.6
"S1-LOLA","78",22.23068,2.38590892324612,0.410116929790295,7.2,28.2,8.7,16.6
"S1-LOLA","78",14.077094,2.38590892324612,0.410116929790295,7.2,28.2,8.7,16.6
"S1-LOLA","78",16.146663,2.38590892324612,0.410116929790295,7.2,28.2,8.7,16.6
"S1-LOLA","78",20.776492,2.38590892324612,0.410116929790295,7.2,28.2,8.7,16.6
"S1-LOLA","78",12.855354,2.38590892324612,0.410116929790295,7.2,28.2,8.7,16.6
"S1-LOLA","78",19.642837,2.38590892324612,0.410116929790295,7.2,28.2,8.7,16.6
"S1-LOLA","78",15.287013,2.38590892324612,0.410116929790295,7.2,28.2,8.7,16.6
"S2-DEBY","78",10.905875,2.36783344682234,0.399172041883819,6.53,27.49,15.81,22.39
"S2-DEBY","78",13.134528,2.36783344682234,0.399172041883819,6.53,27.49,15.81,22.39
"S2-DEBY","78",14.84443,2.36783344682234,0.399172041883819,6.53,27.49,15.81,22.39
"S2-DEBY","78",16.455491,2.36783344682234,0.399172041883819,6.53,27.49,15.81,22.39
"S2-DEBY","78",23.617164,2.36783344682234,0.399172041883819,6.53,27.49,15.81,22.39
"S2-DEBY","78",17.807717,2.36783344682234,0.399172041883819,6.53,27.49,15.81,22.39
"S2-DEBY","78",16.28281,2.36783344682234,0.399172041883819,6.53,27.49,15.81,22.39
"S2-DEBY","78",12.22131,2.36783344682234,0.399172041883819,6.53,27.49,15.81,22.39
"S2-DEBY","78",20.764646,2.36783344682234,0.399172041883819,6.53,27.49,15.81,22.39
"S2-DEBY","78",14.380483,2.36783344682234,0.399172041883819,6.53,27.49,15.81,22.39
"S2-DEBY","78",15.029871,2.36783344682234,0.399172041883819,6.53,27.49,15.81,22.39
"S2-DEBY","78",17.489102,2.36783344682234,0.399172041883819,6.53,27.49,15.81,22.39
"S2-DEBY","78",13.127405,2.36783344682234,0.399172041883819,6.53,27.49,15.81,22.39
"S2-DEBY","78",14.262867,2.36783344682234,0.399172041883819,6.53,27.49,15.81,22.39
"S2-DEBY","78",14.625929,2.36783344682234,0.399172041883819,6.53,27.49,15.81,22.39
"S2-DEBY","78",14.881043,2.36783344682234,0.399172041883819,6.53,27.49,15.81,22.39
"S2-DEBY","78",16.474885,2.36783344682234,0.399172041883819,6.53,27.49,15.81,22.39
"S2-DEBY","78",10.288792,2.36783344682234,0.399172041883819,6.53,27.49,15.81,22.39
"S2-DEBY","78",12.286687,2.36783344682234,0.399172041883819,6.53,27.49,15.81,22.39
"S2-DEBY","78",13.694901,2.36783344682234,0.399172041883819,6.53,27.49,15.81,22.39
"S2-DEBY","78",23.498982,2.36783344682234,0.399172041883819,6.53,27.49,15.81,22.39
"S2-DEBY","78",9.380731,2.36783344682234,0.399172041883819,6.53,27.49,15.81,22.39
"S2-DEBY","78",15.122863,2.36783344682234,0.399172041883819,6.53,27.49,15.81,22.39
"S2-DEBY","78",12.163894,2.36783344682234,0.399172041883819,6.53,27.49,15.81,22.39
"S2-DEBY","78",11.188174,2.36783344682234,0.399172041883819,6.53,27.49,15.81,22.39
"S2-DEBY","78",15.100983,2.36783344682234,0.399172041883819,6.53,27.49,15.81,22.39
"S2-DEBY","78",13.859679,2.36783344682234,0.399172041883819,6.53,27.49,15.81,22.39
"S2-DEBY","78",14.355761,2.36783344682234,0.399172041883819,6.53,27.49,15.81,22.39
"S2-DEBY","78",16.66021,2.36783344682234,0.399172041883819,6.53,27.49,15.81,22.39
"S2-DEBY","78",18.059682,2.36783344682234,0.399172041883819,6.53,27.49,15.81,22.39
"S2-DEBY","78",16.915919,2.36783344682234,0.399172041883819,6.53,27.49,15.81,22.39
"S2-DEBY","78",12.577809,2.36783344682234,0.399172041883819,6.53,27.49,15.81,22.39
"S2-DEBY","78",12.720609,2.36783344682234,0.399172041883819,6.53,27.49,15.81,22.39
"S2-DEBY","78",17.100553,2.36783344682234,0.399172041883819,6.53,27.49,15.81,22.39
"S2-DEBY","78",21.571032,2.36783344682234,0.399172041883819,6.53,27.49,15.81,22.39
"S2-DEBY","78",14.717879,2.36783344682234,0.399172041883819,6.53,27.49,15.81,22.39
"S2-DEBY","78",13.267354,2.36783344682234,0.399172041883819,6.53,27.49,15.81,22.39
"S2-DEBY","78",13.360027,2.36783344682234,0.399172041883819,6.53,27.49,15.81,22.39
"S2-DEBY","78",16.618251,2.36783344682234,0.399172041883819,6.53,27.49,15.81,22.39
"S2-DEBY","78",9.96138,2.36783344682234,0.399172041883819,6.53,27.49,15.81,22.39
"S2-DEBY","78",11.055321,2.36783344682234,0.399172041883819,6.53,27.49,15.81,22.39
"S2-DEBY","78",18.339371,2.36783344682234,0.399172041883819,6.53,27.49,15.81,22.39
"S2-DEBY","78",7.065387,2.36783344682234,0.399172041883819,6.53,27.49,15.81,22.39
"S2-DEBY","78",17.183936,2.36783344682234,0.399172041883819,6.53,27.49,15.81,22.39
"S2-DEBY","78",14.568263,2.36783344682234,0.399172041883819,6.53,27.49,15.81,22.39
"S2-DEBY","78",14.950777,2.36783344682234,0.399172041883819,6.53,27.49,15.81,22.39
"S2-DEBY","78",16.342635,2.36783344682234,0.399172041883819,6.53,27.49,15.81,22.39
"S2-DEBY","78",13.844402,2.36783344682234,0.399172041883819,6.53,27.49,15.81,22.39
"S2-DEBY","78",13.490843,2.36783344682234,0.399172041883819,6.53,27.49,15.81,22.39
"S2-DEBY","78",15.085647,2.36783344682234,0.399172041883819,6.53,27.49,15.81,22.39
"S2-DEBY","78",11.916653,2.36783344682234,0.399172041883819,6.53,27.49,15.81,22.39
"S2-DEBY","78",13.867311,2.36783344682234,0.399172041883819,6.53,27.49,15.81,22.39
"S2-DEBY","78",21.001113,2.36783344682234,0.399172041883819,6.53,27.49,15.81,22.39
"S2-DEBY","78",18.404421,2.36783344682234,0.399172041883819,6.53,27.49,15.81,22.39
"S2-DEBY","78",18.602066,2.36783344682234,0.399172041883819,6.53,27.49,15.81,22.39
"S2-DEBY","78",12.344068,2.36783344682234,0.399172041883819,6.53,27.49,15.81,22.39
"S2-DEBY","78",11.846363,2.36783344682234,0.399172041883819,6.53,27.49,15.81,22.39
"S2-DEBY","78",13.40422,2.36783344682234,0.399172041883819,6.53,27.49,15.81,22.39
"S2-DEBY","78",22.2845,2.36783344682234,0.399172041883819,6.53,27.49,15.81,22.39
"S2-DEBY","78",12.006044,2.36783344682234,0.399172041883819,6.53,27.49,15.81,22.39
"S2-DEBY","78",13.542364,2.36783344682234,0.399172041883819,6.53,27.49,15.81,22.39
"S2-DEBY","78",11.03554,2.36783344682234,0.399172041883819,6.53,27.49,15.81,22.39
"S2-DEBY","78",13.399473,2.36783344682234,0.399172041883819,6.53,27.49,15.81,22.39
"S2-DEBY","78",8.384736,2.36783344682234,0.399172041883819,6.53,27.49,15.81,22.39
"S2-DEBY","78",14.973248,2.36783344682234,0.399172041883819,6.53,27.49,15.81,22.39
"S2-DEBY","78",19.167133,2.36783344682234,0.399172041883819,6.53,27.49,15.81,22.39
"S2-DEBY","78",14.832502,2.36783344682234,0.399172041883819,6.53,27.49,15.81,22.39
"S2-DEBY","78",18.344542,2.36783344682234,0.399172041883819,6.53,27.49,15.81,22.39
"S2-DEBY","78",14.325353,2.36783344682234,0.399172041883819,6.53,27.49,15.81,22.39
"S2-DEBY","78",18.168482,2.36783344682234,0.399172041883819,6.53,27.49,15.81,22.39
"S2-DEBY","78",15.721521,2.36783344682234,0.399172041883819,6.53,27.49,15.81,22.39
"S2-DEBY","78",11.202624,2.36783344682234,0.399172041883819,6.53,27.49,15.81,22.39
"S2-DEBY","78",17.080546,2.36783344682234,0.399172041883819,6.53,27.49,15.81,22.39
"S2-DEBY","78",10.599778,2.36783344682234,0.399172041883819,6.53,27.49,15.81,22.39
"S2-DEBY","78",10.372779,2.36783344682234,0.399172041883819,6.53,27.49,15.81,22.39
"S2-DEBY","78",14.452109,2.36783344682234,0.399172041883819,6.53,27.49,15.81,22.39
"S2-DEBY","78",9.526187,2.36783344682234,0.399172041883819,6.53,27.49,15.81,22.39
"S2-DEBY","78",16.025031,2.36783344682234,0.399172041883819,6.53,27.49,15.81,22.39
"S2-DEBY","78",17.94127,2.36783344682234,0.399172041883819,6.53,27.49,15.81,22.39
"S2-DEBY","78",21.30452,2.36783344682234,0.399172041883819,6.53,27.49,15.81,22.39
"S2-DEBY","78",15.171877,2.36783344682234,0.399172041883819,6.53,27.49,15.81,22.39
"S2-DEBY","78",13.098296,2.36783344682234,0.399172041883819,6.53,27.49,15.81,22.39
"S2-DEBY","78",14.594636,2.36783344682234,0.399172041883819,6.53,27.49,15.81,22.39
"S2-DEBY","78",13.122673,2.36783344682234,0.399172041883819,6.53,27.49,15.81,22.39
"S2-DEBY","78",14.437868,2.36783344682234,0.399172041883819,6.53,27.49,15.81,22.39
"S2-DEBY","78",8.674468,2.36783344682234,0.399172041883819,6.53,27.49,15.81,22.39
"S2-DEBY","78",18.571618,2.36783344682234,0.399172041883819,6.53,27.49,15.81,22.39
"S2-DEBY","78",17.112722,2.36783344682234,0.399172041883819,6.53,27.49,15.81,22.39
"S2-DEBY","78",18.195807,2.36783344682234,0.399172041883819,6.53,27.49,15.81,22.39
"S2-DEBY","78",11.044524,2.36783344682234,0.399172041883819,6.53,27.49,15.81,22.39
"S2-DEBY","78",14.173253,2.36783344682234,0.399172041883819,6.53,27.49,15.81,22.39
"S2-DEBY","78",17.080922,2.36783344682234,0.399172041883819,6.53,27.49,15.81,22.39
"S2-DEBY","78",17.574661,2.36783344682234,0.399172041883819,6.53,27.49,15.81,22.39
"S2-DEBY","78",15.96601,2.36783344682234,0.399172041883819,6.53,27.49,15.81,22.39
"S2-DEBY","78",20.513404,2.36783344682234,0.399172041883819,6.53,27.49,15.81,22.39
"S2-DEBY","78",18.248171,2.36783344682234,0.399172041883819,6.53,27.49,15.81,22.39
"S2-DEBY","78",8.831635,2.36783344682234,0.399172041883819,6.53,27.49,15.81,22.39
"S2-DEBY","78",17.861034,2.36783344682234,0.399172041883819,6.53,27.49,15.81,22.39
"S2-DEBY","78",15.687722,2.36783344682234,0.399172041883819,6.53,27.49,15.81,22.39
"S2-DEBY","78",18.071579,2.36783344682234,0.399172041883819,6.53,27.49,15.81,22.39
"S2-DEBY","78",15.522531,2.36783344682234,0.399172041883819,6.53,27.49,15.81,22.39
"S2-DEBY","78",16.314063,2.36783344682234,0.399172041883819,6.53,27.49,15.81,22.39
"S2-DEBY","78",17.57999,2.36783344682234,0.399172041883819,6.53,27.49,15.81,22.39
"S2-DEBY","78",13.720893,2.36783344682234,0.399172041883819,6.53,27.49,15.81,22.39
"S2-DEBY","78",21.174286,2.36783344682234,0.399172041883819,6.53,27.49,15.81,22.39
"S2-DEBY","78",15.973888,2.36783344682234,0.399172041883819,6.53,27.49,15.81,22.39
"S2-DEBY","78",14.501843,2.36783344682234,0.399172041883819,6.53,27.49,15.81,22.39
"S2-DEBY","78",15.168184,2.36783344682234,0.399172041883819,6.53,27.49,15.81,22.39
"S2-DEBY","78",16.522977,2.36783344682234,0.399172041883819,6.53,27.49,15.81,22.39
"S2-DEBY","78",16.173458,2.36783344682234,0.399172041883819,6.53,27.49,15.81,22.39
"S2-DEBY","78",17.685146,2.36783344682234,0.399172041883819,6.53,27.49,15.81,22.39
"S2-DEBY","78",12.257364,2.36783344682234,0.399172041883819,6.53,27.49,15.81,22.39
"S2-DEBY","78",14.334005,2.36783344682234,0.399172041883819,6.53,27.49,15.81,22.39
"S2-DEBY","78",13.76513,2.36783344682234,0.399172041883819,6.53,27.49,15.81,22.39
"S2-DEBY","78",9.916991,2.36783344682234,0.399172041883819,6.53,27.49,15.81,22.39
"S2-DEBY","78",14.198824,2.36783344682234,0.399172041883819,6.53,27.49,15.81,22.39
"S2-DEBY","78",16.045019,2.36783344682234,0.399172041883819,6.53,27.49,15.81,22.39
"S2-DEBY","78",22.929026,2.36783344682234,0.399172041883819,6.53,27.49,15.81,22.39
"S2-DEBY","78",10.8488,2.36783344682234,0.399172041883819,6.53,27.49,15.81,22.39
"S2-DEBY","78",18.617894,2.36783344682234,0.399172041883819,6.53,27.49,15.81,22.39
"S2-DEBY","78",9.776346,2.36783344682234,0.399172041883819,6.53,27.49,15.81,22.39
"S2-DEBY","78",9.267098,2.36783344682234,0.399172041883819,6.53,27.49,15.81,22.39
