X,PC1,PC2,PC3,PC4,PC5,PC6,Plate,SpawnTrt_Label,bags_label,clean_ID,SpawnTrt_Label_check,bags_label_check,Label_ind,extractPlateWell,extraction_key
147,-0.102438709,0.103038016,0.023659526,0.007352122,-0.055129907,0.181122575,PlDNA_13,TX-CapBay,MVP-TX-4,C2_CviMVPe_PlDNA_13_70317_1ed7c613,TX-CapBay,MVP-TX-4,70317,C2,2f69be90
209,-0.102100653,0.098154999,0.023901409,0.007632336,-0.051254654,0.159090075,PlDNA_13,TX-CapBay,MVP-TX-5,G3_CviMVPe_PlDNA_13_70575_0c8d8630,TX-CapBay,MVP-TX-5,70575,G3,9bd8c234
188,-0.101961382,0.103456137,0.024653003,0.008048277,-0.059731053,0.19276495,PlDNA_11,VA-JR-DeepWatSh,MVP-JR-6,B10_CviMVPe_PlDNA_11_70433_9fd0250a,VA-JR-DeepWatSh,MVP-JR-6,70433,A5,c9270c32
104,-0.101599187,0.101640598,0.023088973,0.007148363,-0.056360255,0.168884218,PlDNA_11,TX-CapBay,MVP-TX-1,D1_CviMVPe_PlDNA_11_70220_5484df7d,TX-CapBay,MVP-TX-1,70220,G9,9a583131
88,-0.10158947,0.102043536,0.025407044,0.008108904,-0.057955578,0.176494529,PlDNA_13,TX-CapBay,MVP-TX-3,B11_CviMVPe_PlDNA_13_70186_d921035a,TX-CapBay,MVP-TX-3,70186,B11,46e5a6fe
145,-0.101405685,0.103998748,0.023347498,0.008579501,-0.058672806,0.191803859,PlDNA_12,TX-CapBay,MVP-TX-6,A11_CviMVPe_PlDNA_12_70313_9ac3334b,TX-CapBay,MVP-TX-6,70313,A11,523553c5
81,-0.100970124,0.100916933,0.021571846,0.008887903,-0.055294341,0.184833713,PlDNA_12,TX-CapBay,MVP-TX-1,F9_CviMVPe_PlDNA_12_70175_1c2c71a0,TX-CapBay,MVP-TX-1,70175,F9,8bbfa3f7
190,-0.100743692,0.100039752,0.023220958,0.008058598,-0.055372189,0.170833925,PlDNA_13,TX-CapBay,MVP-TX-5,C1_CviMVPe_PlDNA_13_70441_17b65282,TX-CapBay,MVP-TX-5,70441,C1,0b1718fa
105,-0.100739074,0.096184579,0.022638455,0.008156995,-0.046126579,0.148292356,PlDNA_11,TX-CapBay,MVP-TX-1,H11_CviMVPe_PlDNA_11_70221_35bbf613,TX-CapBay,MVP-TX-1,70221,H11,be233ec7
89,-0.100404653,0.100549917,0.023651027,0.007346719,-0.055603274,0.180380127,PlDNA_12,TX-CapBay,MVP-TX-3,E2_CviMVPe_PlDNA_12_70187_d7def404,TX-CapBay,MVP-TX-3,70187,E2,c5ee3a23
150,-0.100274129,0.09992437,0.024147159,0.007690127,-0.053633117,0.173555,PlDNA_13,TX-CapBay,MVP-TX-4,G2_CviMVPe_PlDNA_13_70326_f1362913,TX-CapBay,MVP-TX-4,70326,G2,59a71e2b
161,-0.100142499,0.096433903,0.0223593,0.007921139,-0.045759663,0.142994593,PlDNA_11,TX-CapBay,MVP-TX-4,D5_CviMVPe_PlDNA_11_70366_4af779c2,TX-CapBay,MVP-TX-4,70366,D5,15a10975
173,-0.098923914,0.092893081,0.017142209,0.006111044,0.043123322,-0.168760778,PlDNA_13,LA-SisLake,MVP-LA-5,E1_CviMVPe_PlDNA_13_70402_07b40229,LA-SisLake,MVP-LA-5,70402,F5,1b09bb61
151,-0.098570482,0.098249,0.022677792,0.008325548,-0.05145174,0.169406183,PlDNA_12,TX-CapBay,MVP-TX-4,F10_CviMVPe_PlDNA_12_70327_fe9f72d9,TX-CapBay,MVP-TX-4,70327,F10,4da1da23
221,-0.09833404,0.092657471,0.015913683,0.007779842,0.043637496,-0.177312146,PlDNA_12,LA-SisLake,MVP-LA-4,H12_CviMVPe_PlDNA_12_70593_166eb47e,LA-SisLake,MVP-LA-4,70593,H12,6bb1ab05
38,-0.098298141,0.092402586,0.022331676,0.008670792,-0.04266919,0.132571352,PlDNA_13,TX-CapBay,MVP-TX-2,E5_CviMVPe_PlDNA_13_70083_2995021d,TX-CapBay,MVP-TX-2,70083,H7,da097665
18,-0.09761813,0.088725545,0.017038322,0.004894915,0.040033516,-0.154679706,PlDNA_12,LA-SisLake,MVP-LA-2,G7_CviMVPe_PlDNA_12_70041_77e9e1c3,LA-SisLake,MVP-LA-2,70041,G7,fd99c7fe
123,-0.097570009,0.089210089,0.015349115,0.00285964,0.037249334,-0.162299016,PlDNA_12,LA-SisLake,MVP-LA-3,H11_CviMVPe_PlDNA_12_70254_10a7f697,LA-SisLake,MVP-LA-3,70254,H11,b21212ed
121,-0.097238271,0.09151379,0.014897781,0.008392001,0.043145843,-0.169539832,PlDNA_13,LA-SisLake,MVP-LA-3,C11_CviMVPe_PlDNA_13_70252_ebc0402a,LA-SisLake,MVP-LA-3,70252,F3,0347a6e1
122,-0.096449362,0.088410847,0.015101242,0.007023855,0.03980254,-0.161999747,PlDNA_13,LA-SisLake,MVP-LA-3,E2_CviMVPe_PlDNA_13_70253_f60143f7,LA-SisLake,MVP-LA-3,70253,E2,00a49dfd
141,-0.096431914,0.08945389,0.014378172,0.007906797,0.037988089,-0.170379033,PlDNA_12,LA-SisLake,MVP-LA-3,C9_CviMVPe_PlDNA_12_70302_2258eaca,LA-SisLake,MVP-LA-3,70302,C9,95099b3c
247,-0.096107762,0.090467795,0.017247434,0.005839843,0.041443289,-0.172431868,PlDNA_11,LA-SisLake,MVP-LA-4,F1_CviMVPe_PlDNA_11_70644_f7372aad,LA-SisLake,MVP-LA-4,70644,F1,299d3c53
171,-0.096073187,0.089030581,0.015208955,0.007384302,0.039577852,-0.165196486,PlDNA_11,LA-SisLake,MVP-LA-5,F2_CviMVPe_PlDNA_11_70399_4f13bf81,LA-SisLake,MVP-LA-5,70399,F2,153fdb7b
37,-0.095805279,0.08610245,0.020656692,0.005994987,-0.040516696,0.12369793,PlDNA_12,TX-CapBay,MVP-TX-2,D4_CviMVPe_PlDNA_12_70082_648bf0a5,TX-CapBay,MVP-TX-2,70082,D4,46f181d7
1,-0.095531371,0.086221853,0.016594805,0.005102075,0.038599276,-0.156722089,PlDNA_13,LA-SisLake,MVP-LA-2,D3_CviMVPe_PlDNA_13_70002_bef12748,LA-SisLake,MVP-LA-2,70002,D3,5c90a069
80,-0.09539443,0.087152807,0.020287263,0.006451387,-0.042333178,0.133182838,PlDNA_13,TX-CapBay,MVP-TX-1,B10_CviMVPe_PlDNA_13_70174_5c83d6e5,TX-CapBay,MVP-TX-1,70174,B10,f24ec697
92,-0.095240093,0.090156102,0.015263819,0.006799142,0.045952953,-0.173549967,PlDNA_12,LA-SisLake,MVP-LA-1,A6_CviMVPe_PlDNA_12_70190_57d88014,LA-SisLake,MVP-LA-1,70190,A6,8a781ff5
172,-0.095061969,0.082753115,0.015584609,0.005235959,0.035144368,-0.143175388,PlDNA_13,LA-SisLake,MVP-LA-5,E11_CviMVPe_PlDNA_13_70400_4d0e684a,LA-SisLake,MVP-LA-5,70400,D8,de675528
27,-0.09494853,0.087695376,0.018385268,0.005800075,-0.039110086,0.123942314,PlDNA_11,TX-CapBay,MVP-TX-2,D2_CviMVPe_PlDNA_11_70063_1ca105c5,TX-CapBay,MVP-TX-2,70063,D2,bb6e42f0
3,-0.094860984,0.084840562,0.015350764,0.005737972,0.036767203,-0.149627428,PlDNA_11,LA-SisLake,MVP-LA-2,E11_CviMVPe_PlDNA_11_70004_a8d20e7c,LA-SisLake,MVP-LA-2,70004,G2,c2929ffc
14,-0.094567742,0.087591556,0.016356369,0.006672541,0.044285036,-0.177222039,PlDNA_13,ME-HogIs,MVP-ME-3,B3_CviMVPe_PlDNA_13_70034_f5a02f77,ME-HogIs,MVP-ME-3,70034,B3,ce9b3986
180,-0.094550158,0.084639057,0.014375588,0.004920626,0.037617233,-0.151534923,PlDNA_12,LA-SisLake,MVP-LA-5,D2_CviMVPe_PlDNA_12_70416_62affe85,LA-SisLake,MVP-LA-5,70416,B5,c20e89c2
170,-0.094442794,0.081925006,0.013362016,0.009103837,0.037887351,-0.167921763,PlDNA_13,LA-SisLake,MVP-LA-5,A8_CviMVPe_PlDNA_13_70397_b8158c15,LA-SisLake,MVP-LA-5,70397,A8,41e300ac
210,-0.089519604,0.071742945,0.016807655,0.002377692,-0.019707127,0.044858776,PlDNA_12,TX-CapBay,MVP-TX-5,F11_CviMVPe_PlDNA_12_70576_063195d6,TX-CapBay,MVP-TX-5,70576,F11,782bc510
90,-0.088077402,0.06726023,0.014925756,0.001471899,-0.011706735,0.023402275,PlDNA_12,TX-CapBay,MVP-TX-3,A12_CviMVPe_PlDNA_12_70188_db67f7ad,TX-CapBay,MVP-TX-3,70188,A12,93939d57
178,-0.087998644,0.062300895,0.008316253,0.002262237,0.007011586,-0.035177132,PlDNA_12,LA-SisLake,MVP-LA-6,B4_CviMVPe_PlDNA_12_70410_10607666,LA-SisLake,MVP-LA-6,70410,B6,85293a44
158,-0.087627509,0.079643348,0.01525514,0.008139515,0.035607284,-0.150600314,PlDNA_13,LA-SisLake,MVP-LA-6,H5_CviMVPe_PlDNA_13_70359_080377bf,LA-SisLake,MVP-LA-6,70359,H5,3680f974
131,-0.08691061,0.065006573,0.010469288,0.002658856,0.011022048,-0.038713479,PlDNA_11,LA-SisLake,MVP-LA-3,E12_CviMVPe_PlDNA_11_70272_adfd51be,LA-SisLake,MVP-LA-3,70272,C9,d8dc3b8f
225,-0.086083214,0.063297618,0.011939425,0.003183711,-0.004071791,0.005830395,PlDNA_11,VA-JR-DeepWatSh,MVP-JR-5,B9_CviMVPe_PlDNA_11_70600_195573cd,VA-JR-DeepWatSh,MVP-JR-5,70600,B9,37ec3840
177,-0.085642701,0.061228323,0.01178418,0.003172358,0.010121993,-0.051987787,PlDNA_11,LA-SisLake,MVP-LA-6,F3_CviMVPe_PlDNA_11_70409_da37a190,LA-SisLake,MVP-LA-6,70409,F3,eb06c710
179,-0.085558328,0.060795998,0.012123606,0.001476641,0.009857533,-0.04383622,PlDNA_12,LA-SisLake,MVP-LA-6,D7_CviMVPe_PlDNA_12_70411_424a2ead,LA-SisLake,MVP-LA-6,70411,D7,b7cc50e2
2,-0.08554819,0.0616928,0.013131821,0.005972395,0.01277195,-0.050753471,PlDNA_13,LA-SisLake,MVP-LA-2,G7_CviMVPe_PlDNA_13_70003_e27518b4,LA-SisLake,MVP-LA-2,70003,B3,88eb811b
208,-0.085066678,0.062365845,0.01121698,0.002605292,-0.005889114,0.007735084,PlDNA_13,TX-CapBay,MVP-TX-5,H7_CviMVPe_PlDNA_13_70573_9fa36f45,TX-CapBay,MVP-TX-5,70573,H8,7ad94774
61,-0.083808323,-0.168337617,0.049389452,-0.014794123,-0.010169973,0.003855304,PlDNA_12,Poly-NoOutcross,MVP-SEEDMIX-3,G4_CviMVPe_PlDNA_12_70128_f8259ce7,Poly-NoOutcross,MVP-SEEDMIX-3,70128,H3,5ef12dc6
110,-0.083751698,0.060567623,0.01267945,0.001647656,-0.001268457,0.000850624,PlDNA_11,TX-CapBay,MVP-TX-3,D3_CviMVPe_PlDNA_11_70232_c824eb8f,TX-CapBay,MVP-TX-3,70232,D3,eb7f4a3c
94,-0.083434939,0.056425573,0.012322161,0.001923507,0.004445385,-0.024031556,PlDNA_11,LA-SisLake,MVP-LA-1,E9_CviMVPe_PlDNA_11_70192_afc3955e,LA-SisLake,MVP-LA-1,70192,E9,e27b92d6
21,-0.083038822,-0.169150133,0.046733527,-0.016022204,-0.009689105,0.003445925,PlDNA_12,LOLA,MVP-LOLA-2,D6_CviMVPe_PlDNA_12_70052_a8e8f67d,LOLA,MVP-LOLA-2,70052,D6,ce57d776
212,-0.082755063,-0.161795258,0.04444645,-0.014306165,-0.009842007,0.002691512,PlDNA_13,LOLA,MVP-LOLA-5,F11_CviMVPe_PlDNA_13_70578_4895a30d,LOLA,MVP-LOLA-5,70578,D9,8f53ab10
248,-0.082662282,0.053250076,0.008526538,-0.000320969,-0.000115043,-0.014286255,PlDNA_13,LA-SisLake,MVP-LA-4,D11_CviMVPe_PlDNA_13_70645_26e66c3f,LA-SisLake,MVP-LA-4,70645,B4,acc9af56
79,-0.082179471,0.055026718,0.011050949,0.001207089,0.004033252,-0.014828998,PlDNA_12,TX-CapBay,MVP-TX-1,G1_CviMVPe_PlDNA_12_70173_76123c83,TX-CapBay,MVP-TX-1,70173,G1,c485e30e
189,-0.082133871,0.054425336,0.006150215,0.00020578,0.002113956,-0.0147326,PlDNA_12,TX-CapBay,MVP-TX-5,E3_CviMVPe_PlDNA_12_70439_52f04b39,TX-CapBay,MVP-TX-5,70439,E3,82fe58c0
9,-0.081803493,-0.162472354,0.044362489,-0.013812452,-0.009642287,0.003639622,PlDNA_12,LOLA,MVP-LOLA-2,D10_CviMVPe_PlDNA_12_70015_23414dba,LOLA,MVP-LOLA-2,70015,D10,40f6dfe0
239,-0.081031427,0.056246378,0.011760492,-0.001616732,0.017966484,-0.036946272,PlDNA_13,LA-SisLake,MVP-LA-4,H6_CviMVPe_PlDNA_13_70629_f44528d7,LA-SisLake,MVP-LA-4,70629,H6,2cb9e3aa
16,-0.076227066,-0.160411036,0.05026964,-0.011042476,-0.008731072,0.003614968,PlDNA_11,LOLA,MVP-LOLA-1,G5_CviMVPe_PlDNA_11_70036_712fa455,LOLA,MVP-LOLA-1,70036,G5,ae531875
214,-0.075465122,-0.099662157,0.029825879,-0.002599364,-0.000738648,0.000449404,PlDNA_11,LOLA,MVP-LOLA-5,G8_CviMVPe_PlDNA_11_70580_5095b73e,LOLA,MVP-LOLA-5,70580,E7,b32ad1f6
47,-0.073478412,-0.166156788,0.041606808,-0.011669995,-0.008426467,0.004665752,PlDNA_12,LOLA,MVP-LOLA-1,E12_CviMVPe_PlDNA_12_70097_0c1309ee,LOLA,MVP-LOLA-1,70097,E12,021401cf
176,-0.072864001,-0.174451269,0.046085079,-0.014464137,-0.011191812,0.004109809,PlDNA_13,LOLA,MVP-LOLA-4,G4_CviMVPe_PlDNA_13_70408_d392a1e5,LOLA,MVP-LOLA-4,70408,E6,0904d5d0
25,-0.071962603,-0.173007999,0.041149058,-0.0117564,-0.010188868,0.004600239,PlDNA_13,Poly-NoOutcross,MVP-SEEDMIX-2,F9_CviMVPe_PlDNA_13_70058_34b0a9d7,Poly-NoOutcross,MVP-SEEDMIX-2,70058,F9,1ed67ea9
23,-0.071444716,-0.172282113,0.044657862,-0.013156943,-0.010542385,0.00479877,PlDNA_11,LOLA,MVP-LOLA-2,G6_CviMVPe_PlDNA_11_70054_9b477e5c,LOLA,MVP-LOLA-2,70054,G6,41039866
232,-0.07122072,-0.169759742,0.042247504,-0.012384831,-0.010340912,0.003243688,PlDNA_13,LOLA,MVP-LOLA-5,F2_CviMVPe_PlDNA_13_70612_0366bb4d,LOLA,MVP-LOLA-5,70612,F2,72cc5221
33,-0.070864453,-0.158137071,0.047517792,-0.010503213,-0.009129311,0.003967053,PlDNA_12,Poly-NoOutcross,MVP-SEEDMIX-3,A10_CviMVPe_PlDNA_12_70076_8e753fb2,Poly-NoOutcross,MVP-SEEDMIX-3,70076,A10,37877604
8,-0.070779476,-0.083120926,0.027634696,-0.002897033,-0.002387323,-0.001088629,PlDNA_13,LOLA,MVP-LOLA-2,F6_CviMVPe_PlDNA_13_70013_aae9a0ed,LOLA,MVP-LOLA-2,70013,A12,074933ee
164,-0.070766903,-0.168344596,0.038099381,-0.014383694,-0.010135272,0.006559827,PlDNA_11,Poly-NoOutcross,MVP-SEEDMIX-6,H10_CviMVPe_PlDNA_11_70371_b5414118,Poly-NoOutcross,MVP-SEEDMIX-6,70371,E1,fdca9529
222,-0.067663473,-0.084549294,0.024373041,-0.006880031,0.000755507,-0.004167329,PlDNA_13,LA-SisLake,MVP-LA-4,F8_CviMVPe_PlDNA_13_70594_af50dc1f,LA-SisLake,MVP-LA-4,70594,D7,d6b2a01f
24,-0.066238384,-0.092691547,0.021398368,-0.009975753,-0.002197523,-0.001191422,PlDNA_13,Poly-NoOutcross,MVP-SEEDMIX-2,E7_CviMVPe_PlDNA_13_70056_9d698442,Poly-NoOutcross,MVP-SEEDMIX-2,70056,E7,0da63b30
29,-0.066228552,-0.089543056,0.011888376,-0.007853545,-0.000623732,-0.001482668,PlDNA_12,LOLA,MVP-LOLA-3,C3_CviMVPe_PlDNA_12_70066_19e8ac4c,LOLA,MVP-LOLA-3,70066,C3,4499917b
28,-0.064943975,-0.090185106,0.033268974,-0.003088487,0.004430216,-0.001742146,PlDNA_11,LOLA,MVP-LOLA-3,F12_CviMVPe_PlDNA_11_70065_83398e4c,LOLA,MVP-LOLA-3,70065,F12,d10e5e49
169,-0.064943681,-0.11177143,0.027363454,0.002309345,-0.002254306,-0.000973479,PlDNA_13,LOLA,MVP-LOLA-4,F3_CviMVPe_PlDNA_13_70389_d5bc088b,LOLA,MVP-LOLA-4,70389,F3,fa2063bd
40,-0.064825418,-0.080866186,0.02589712,0.001841632,-0.000484305,0.002623841,PlDNA_13,LOLA,MVP-LOLA-3,D6_CviMVPe_PlDNA_13_70086_c786bde2,LOLA,MVP-LOLA-3,70086,D6,b8a6e234
211,-0.063367975,-0.121529891,0.030323558,0.002976904,0.002841207,0.00785903,PlDNA_12,LOLA,MVP-LOLA-5,C8_CviMVPe_PlDNA_12_70577_b8c52701,LOLA,MVP-LOLA-5,70577,C8,ffc90e71
17,-0.062004188,-0.122891438,0.022772459,-0.002073048,-0.002224688,0.003553472,PlDNA_13,LOLA,MVP-LOLA-1,G12_CviMVPe_PlDNA_13_70037_e2871e50,LOLA,MVP-LOLA-1,70037,G12,4fb26ed8
156,-0.061370456,-0.123373459,0.027438643,0.005813627,0.000735543,0.007814503,PlDNA_12,LOLA,MVP-LOLA-4,F3_CviMVPe_PlDNA_12_70353_ff9a8d97,LOLA,MVP-LOLA-4,70353,F3,8fd45712
39,-0.061228874,-0.113969271,0.020541085,-0.006350125,-0.005717528,-0.000845072,PlDNA_12,LOLA,MVP-LOLA-3,H6_CviMVPe_PlDNA_12_70084_537147c8,LOLA,MVP-LOLA-3,70084,H6,3a64f2ae
157,-0.060982659,-0.095204743,0.017954543,-0.006080421,-0.002033522,0.002334793,PlDNA_11,LOLA,MVP-LOLA-4,G7_CviMVPe_PlDNA_11_70355_cec1f4b3,LOLA,MVP-LOLA-4,70355,G7,dd88d531
15,-0.06075602,-0.098116725,0.020565424,0.002549687,-0.002448931,-7.64E-05,PlDNA_12,LOLA,MVP-LOLA-1,H7_CviMVPe_PlDNA_12_70035_1ef16016,LOLA,MVP-LOLA-1,70035,H7,f45d70c7
46,-0.059884107,-0.07929204,0.028564099,-0.000193685,0.000140325,0.001095418,PlDNA_13,LOLA,MVP-LOLA-1,A11_CviMVPe_PlDNA_13_70094_5498d60a,LOLA,MVP-LOLA-1,70094,A11,5c36851f
10,-0.059379028,-0.111667747,0.018044717,0.004121757,-3.35E-05,0.002146412,PlDNA_13,LOLA,MVP-LOLA-3,H8_CviMVPe_PlDNA_13_70025_bf2f291e,LOLA,MVP-LOLA-3,70025,C8,41dd9a06
60,-0.058324967,-0.102601443,0.014486366,-0.006931841,0.001421949,-0.00156812,PlDNA_13,Poly-NoOutcross,MVP-SEEDMIX-3,B8_CviMVPe_PlDNA_13_70127_2dbba5c6,Poly-NoOutcross,MVP-SEEDMIX-3,70127,D4,e7befff6
259,-0.057607838,-0.109493526,0.025434929,0.002636445,0.004979599,0.005368281,PlDNA_12,LOLA,MVP-LOLA-6,F1_CviMVPe_PlDNA_12_70661_b4a2009a,LOLA,MVP-LOLA-6,70661,,ab94d9a4
213,-0.056776306,-0.090408441,0.021187933,0.009195043,0.003003275,0.001889676,PlDNA_12,LOLA,MVP-LOLA-5,B2_CviMVPe_PlDNA_12_70579_57f83f84,LOLA,MVP-LOLA-5,70579,B1,7bfd117e
22,-0.056690301,-0.083767884,0.020287254,-0.005458136,-0.009925272,0.000963725,PlDNA_13,LOLA,MVP-LOLA-2,H9_CviMVPe_PlDNA_13_70053_cccf22c6,LOLA,MVP-LOLA-2,70053,E10,cd6e39fb
262,-0.056290621,-0.113171278,0.017259854,-0.008639852,0.000304591,-0.001822118,PlDNA_11,LOLA,MVP-LOLA-6,G9_CviMVPe_PlDNA_11_70702_6c9842b8,LOLA,MVP-LOLA-6,70702,E8,9ce95e58
263,-0.054935969,-0.113638746,0.028566207,0.003997788,0.002170974,0.007470246,PlDNA_12,Poly-NoOutcross,MVP-SEEDMIX-5,B1_CviMVPe_PlDNA_12_70705_7e455c8c,Poly-NoOutcross,MVP-SEEDMIX-5,70705,B9,ed71a221
41,-0.051941181,-0.099826544,0.014705436,-0.009136106,0.000360472,-0.002225142,PlDNA_11,LOLA,MVP-LOLA-3,F10_CviMVPe_PlDNA_11_70087_6a71a4e6,LOLA,MVP-LOLA-3,70087,C5,82ea3fee
175,-0.051714307,-0.102421776,0.015111445,-0.004861283,-0.010476942,-0.003596814,PlDNA_12,LOLA,MVP-LOLA-4,D3_CviMVPe_PlDNA_12_70406_7ad6b00d,LOLA,MVP-LOLA-4,70406,D3,5ab66b3b
261,-0.051429106,-0.100941892,0.025086583,-0.010768188,-0.000481806,-0.003654363,PlDNA_13,LOLA,MVP-LOLA-6,D7_CviMVPe_PlDNA_13_70677_6a5f7f95,LOLA,MVP-LOLA-6,70677,D7,e9d8cf9e
34,-0.051419706,-0.126546748,0.026859982,0.001987439,-0.00055841,0.00834256,PlDNA_11,Poly-NoOutcross,MVP-SEEDMIX-3,C7_CviMVPe_PlDNA_11_70077_6c09c1ac,Poly-NoOutcross,MVP-SEEDMIX-3,70077,C7,7cdd328b
260,-0.049602872,-0.094621312,0.018484516,-0.005626224,0.00483078,-0.000178893,PlDNA_11,LOLA,MVP-LOLA-6,E4_CviMVPe_PlDNA_11_70662_ddb07d69,LOLA,MVP-LOLA-6,70662,E4,541bab5d
267,-0.045135314,-0.024373095,0.008722472,-0.000295999,-0.000458977,-0.003638951,PlDNA_12,LOLA,MVP-LOLA-6,E5_CviMVPe_PlDNA_12_70714_cf8ed8d8,LOLA,MVP-LOLA-6,70714,E5,d99d1732
146,-0.016238326,-0.025239212,-0.065760458,0.017199664,0.015911258,-0.000483161,PlDNA_11,Poly-WithOutcross,MVP-LARMIX-5,F7_CviMVPe_PlDNA_11_70314_8a369a22,Poly-WithOutcross,MVP-LARMIX-5,70314,B2,23f97a90
51,-0.013911366,-0.043383485,-0.047032902,0.006100297,0.004109934,0.005499453,PlDNA_11,Poly-WithOutcross,MVP-LARMIX-3,F6_CviMVPe_PlDNA_11_70105_0954e8e6,Poly-WithOutcross,MVP-LARMIX-3,70105,F6,45072623
154,-0.013242687,0.039724406,0.026843575,-0.041460279,0.054223457,-0.019126147,PlDNA_11,Poly-WithOutcross,MVP-LARMIX-5,F8_CviMVPe_PlDNA_11_70341_4b1da41b,Poly-WithOutcross,MVP-LARMIX-5,70341,F8,959bf98e
206,-0.011005029,-0.038518077,-0.063210145,0.010957882,0.010853486,0.005612051,PlDNA_11,Poly-WithOutcross,MVP-LARMIX-6,G4_CviMVPe_PlDNA_11_70570_27aa120c,Poly-WithOutcross,MVP-LARMIX-6,70570,G4,579843a9
69,-0.00966989,-0.007518766,-0.04658677,0.004082931,0.008639854,-0.001445269,PlDNA_11,Poly-WithOutcross,MVP-LARMIX-1,F4_CviMVPe_PlDNA_11_70139_94fe9cca,Poly-WithOutcross,MVP-LARMIX-1,70139,F4,a78ed65a
56,-0.006268463,-0.032157713,-0.076532188,0.018639158,0.018046338,0.003146395,PlDNA_11,Poly-WithOutcross,MVP-LARMIX-2,F5_CviMVPe_PlDNA_11_70118_b3e73830,Poly-WithOutcross,MVP-LARMIX-2,70118,F5,b3494b77
112,0.000725745,-0.00148283,-0.144402884,0.004805646,0.013102464,0.0066588,PlDNA_11,DEBY,MVP-DEBY-1,A1_CviMVPe_PlDNA_11_70235_e09eed60,DEBY,MVP-DEBY-1,70235,A1,2c8e7701
77,0.001244697,-0.002180891,-0.157142553,0.008953199,0.023166992,0.009463368,PlDNA_12,DEBY,MVP-DEBY-3,A3_CviMVPe_PlDNA_12_70170_d2c7e366,DEBY,MVP-DEBY-3,70170,C11,3fe18808
152,0.001390497,-0.00408025,-0.142391706,0.002479986,0.013520307,0.007833513,PlDNA_11,Poly-NoOutcross,MVP-SEEDMIX-6,C11_CviMVPe_PlDNA_11_70334_56dded99,Poly-NoOutcross,MVP-SEEDMIX-6,70334,F8,4d28fca3
62,0.001802384,-0.026701786,0.003354321,0.00265665,-0.00654388,-0.003238185,PlDNA_13,Poly-WithOutcross,MVP-LARMIX-2,A9_CviMVPe_PlDNA_13_70129_4e1a121e,Poly-WithOutcross,MVP-LARMIX-2,70129,C3,355ba8f4
71,0.001850242,-0.039937927,-0.063335416,0.006309829,0.007548875,0.005666104,PlDNA_12,Poly-WithOutcross,MVP-LARMIX-3,C2_CviMVPe_PlDNA_12_70147_e117ae71,Poly-WithOutcross,MVP-LARMIX-3,70147,F6,c4f966d7
231,0.003153264,0.002695366,-0.16410757,0.013523421,0.029026659,0.010739646,PlDNA_11,TX-CapBay,MVP-TX-5,B2_CviMVPe_PlDNA_11_70609_db2db606,TX-CapBay,MVP-TX-5,70609,H9,50deb18d
83,0.00335866,-0.015001826,-0.12387968,0.011797384,0.022417289,0.012272114,PlDNA_13,DEBY,MVP-DEBY-2,G11_CviMVPe_PlDNA_13_70178_f53a5bb8,DEBY,MVP-DEBY-2,70178,G11,1619b09e
57,0.003530411,-0.01142989,-0.132712241,0.009209065,0.022029352,0.012059043,PlDNA_11,Poly-NoOutcross,MVP-SEEDMIX-1,C5_CviMVPe_PlDNA_11_70121_6a09ee8b,Poly-NoOutcross,MVP-SEEDMIX-1,70121,C5,cfec6ed5
265,0.004151829,-0.001055748,0.034859964,-0.030175182,0.06943815,0.016460065,PlDNA_12,Poly-WithOutcross,MVP-LARMIX-4,D12_CviMVPe_PlDNA_12_70710_72690e7e,Poly-WithOutcross,MVP-LARMIX-4,70710,D12,a5443486
229,0.004425148,-0.006360868,0.025867115,-0.012979639,0.019467259,0.004237191,PlDNA_12,Poly-WithOutcross,MVP-LARMIX-4,B3_CviMVPe_PlDNA_12_70606_1ecbea83,Poly-WithOutcross,MVP-LARMIX-4,70606,B3,bacfb991
64,0.004450284,-0.014196404,0.00779259,0.000896669,-0.019455754,-0.010613698,PlDNA_13,Poly-WithOutcross,MVP-LARMIX-2,B9_CviMVPe_PlDNA_13_70131_9da593cb,Poly-WithOutcross,MVP-LARMIX-2,70131,G3,6a3c5f42
50,0.005259052,-0.005390284,0.033442104,0.087155208,0.029862405,0.006141402,PlDNA_13,Poly-WithOutcross,MVP-LARMIX-3,E3_CviMVPe_PlDNA_13_70104_11feab9e,Poly-WithOutcross,MVP-LARMIX-3,70104,E3,2b0c10f6
254,0.005478956,-0.014284746,0.036008039,0.062944591,0.023336931,0.004232716,PlDNA_13,Poly-WithOutcross,MVP-LARMIX-4,H2_CviMVPe_PlDNA_13_70655_6b4a0738,Poly-WithOutcross,MVP-LARMIX-4,70655,H2,244b075d
139,0.005875888,0.00222188,-0.146719911,0.007063932,0.025823475,0.008232601,PlDNA_12,DEBY,MVP-DEBY-4,B8_CviMVPe_PlDNA_12_70296_85babf13,DEBY,MVP-DEBY-4,70296,A4,bdc99486
54,0.006267868,-0.00105636,-0.160589359,0.012149565,0.028695015,0.009826593,PlDNA_12,DEBY,MVP-DEBY-2,B11_CviMVPe_PlDNA_12_70115_14777f45,DEBY,MVP-DEBY-2,70115,B11,653de85d
52,0.00628574,0.000175235,0.03457868,-0.036080527,0.0584318,0.0104579,PlDNA_12,Poly-WithOutcross,MVP-LARMIX-3,E11_CviMVPe_PlDNA_12_70106_d61261d2,Poly-WithOutcross,MVP-LARMIX-3,70106,E11,6d09f7ce
193,0.007116637,-0.009749429,-0.109559311,0.012280089,0.015452392,0.0066232,PlDNA_13,DEBY,MVP-DEBY-5,A2_CviMVPe_PlDNA_13_70447_53d52439,DEBY,MVP-DEBY-5,70447,A2,f04cb923
140,0.007416062,-0.011921892,-0.115550075,0.002380865,0.018115911,0.004309209,PlDNA_12,DEBY,MVP-DEBY-4,G12_CviMVPe_PlDNA_12_70297_2f325c7e,DEBY,MVP-DEBY-4,70297,G12,5a0ad5c1
111,0.007833442,0.001386199,-0.142307537,0.008152903,0.006832407,0.007985374,PlDNA_13,DEBY,MVP-DEBY-1,A1_CviMVPe_PlDNA_13_70234_09e6792c,DEBY,MVP-DEBY-1,70234,A1,e14b4bdd
63,0.008277221,-0.033375573,0.01662744,0.008147543,-0.010378963,-0.005433357,PlDNA_13,Poly-WithOutcross,MVP-LARMIX-2,H4_CviMVPe_PlDNA_13_70130_c1148387,Poly-WithOutcross,MVP-LARMIX-2,70130,H4,5b2ad627
182,0.00887387,0.001295858,-0.169760401,0.010930593,0.024274151,0.010192859,PlDNA_11,DEBY,MVP-DEBY-5,D9_CviMVPe_PlDNA_11_70421_6a066254,DEBY,MVP-DEBY-5,70421,E3,a4a75a0e
65,0.009096464,-0.024210706,0.022502698,-0.04096431,0.054059367,0.016258401,PlDNA_12,Poly-WithOutcross,MVP-LARMIX-2,H9_CviMVPe_PlDNA_12_70132_f3641cac,Poly-WithOutcross,MVP-LARMIX-2,70132,H9,1d7f9627
53,0.009301864,0.002012817,-0.146869713,0.014419304,0.019222392,0.003396949,PlDNA_13,DEBY,MVP-DEBY-2,C12_CviMVPe_PlDNA_13_70114_a85181f2,DEBY,MVP-DEBY-2,70114,C12,94a4d4bd
78,0.010153586,-0.009391433,-0.162645747,0.008241545,0.0145513,0.01405622,PlDNA_11,DEBY,MVP-DEBY-3,A2_CviMVPe_PlDNA_11_70171_b254cc0e,DEBY,MVP-DEBY-3,70171,A2,a183f388
192,0.010156474,-0.00550788,-0.092951464,0.00126438,0.009866895,0.000250492,PlDNA_12,DEBY,MVP-DEBY-5,D11_CviMVPe_PlDNA_12_70446_25cd877b,DEBY,MVP-DEBY-5,70446,D11,30ed1dbb
35,0.010922343,-0.014578036,-0.103244098,-0.002440294,0.009904455,0.000243567,PlDNA_13,Poly-NoOutcross,MVP-SEEDMIX-3,E12_CviMVPe_PlDNA_13_70078_536ce02e,Poly-NoOutcross,MVP-SEEDMIX-3,70078,E12,ae6eeb4b
66,0.010984834,-0.003899294,0.030975848,0.074039874,0.028869149,0.006061894,PlDNA_11,Poly-WithOutcross,MVP-LARMIX-2,G3_CviMVPe_PlDNA_11_70133_cdd54ca6,Poly-WithOutcross,MVP-LARMIX-2,70133,G3,543a411f
91,0.011001038,-0.006542556,-0.106774639,0.013627014,0.001302437,0.004093076,PlDNA_12,DEBY,MVP-DEBY-1,B10_CviMVPe_PlDNA_12_70189_9bdbe7e1,DEBY,MVP-DEBY-1,70189,B10,5bbe1715
103,0.011465039,-0.000249215,-0.105438126,9.15228833632297e-07,0.013518664,0.001970692,PlDNA_11,DEBY,MVP-DEBY-3,D8_CviMVPe_PlDNA_11_70219_60bfd18b,DEBY,MVP-DEBY-3,70219,D8,1a6756a5
58,0.011534969,-0.017712609,-0.129607469,0.005466535,0.007833593,0.012169708,PlDNA_13,Poly-NoOutcross,MVP-SEEDMIX-1,F7_CviMVPe_PlDNA_13_70122_6f9943a3,Poly-NoOutcross,MVP-SEEDMIX-1,70122,F7,b831aca7
36,0.012069817,-0.00632526,0.037821033,0.146656832,0.052060805,0.006065717,PlDNA_12,Poly-WithOutcross,MVP-LARMIX-2,F4_CviMVPe_PlDNA_12_70080_a7779db9,Poly-WithOutcross,MVP-LARMIX-2,70080,F4,43104b50
184,0.012778078,-0.002602684,-0.152531689,0.010238355,0.012126821,0.010661077,PlDNA_11,DEBY,MVP-DEBY-6,D10_CviMVPe_PlDNA_11_70425_ed7b4c3c,DEBY,MVP-DEBY-6,70425,,e6351eb5
244,0.012830997,-0.000913026,-0.098779281,0.006701472,0.000890529,0.002315453,PlDNA_12,Poly-NoOutcross,MVP-SEEDMIX-5,F7_CviMVPe_PlDNA_12_70639_b8ee2040,Poly-NoOutcross,MVP-SEEDMIX-5,70639,F7,bef5d489
183,0.013136621,-0.005315093,-0.075235371,0.007430969,-0.002164676,0.001769827,PlDNA_11,DEBY,MVP-DEBY-5,A4_CviMVPe_PlDNA_11_70424_e02916bf,DEBY,MVP-DEBY-5,70424,A4,dc5ea980
195,0.013258971,-0.002829128,-0.109838752,-0.001500468,0.001056913,0.002833087,PlDNA_11,DEBY,MVP-DEBY-6,A5_CviMVPe_PlDNA_11_70452_4375b886,DEBY,MVP-DEBY-6,70452,A5,6d4e3118
82,0.013724406,0.004842333,-0.152269533,0.00516727,0.010691388,0.008577586,PlDNA_11,DEBY,MVP-DEBY-2,D7_CviMVPe_PlDNA_11_70177_0bbe7bd5,DEBY,MVP-DEBY-2,70177,D7,0928d27e
194,0.013738512,-0.005814173,-0.123336589,-4.01E-05,0.00522771,0.00669881,PlDNA_12,DEBY,MVP-DEBY-6,B12_CviMVPe_PlDNA_12_70451_bac0e915,DEBY,MVP-DEBY-6,70451,B12,31fdfd27
59,0.01383755,-0.006551352,-0.158340229,0.005805549,0.007613666,0.013383617,PlDNA_12,Poly-NoOutcross,MVP-SEEDMIX-1,C5_CviMVPe_PlDNA_12_70125_c8cf8e3f,Poly-NoOutcross,MVP-SEEDMIX-1,70125,C5,0518a5a1
26,0.014111871,-0.008423302,-0.101132312,-0.002580574,0.006272529,0.004309554,PlDNA_11,Poly-NoOutcross,MVP-SEEDMIX-2,C6_CviMVPe_PlDNA_11_70059_48a30e00,Poly-NoOutcross,MVP-SEEDMIX-2,70059,C6,3d3b08c6
168,0.014351526,-0.004705583,-0.160752237,0.003837307,0.01237145,0.010374119,PlDNA_11,DEBY,MVP-DEBY-4,A3_CviMVPe_PlDNA_11_70382_7b0a2580,DEBY,MVP-DEBY-4,70382,,85d8494c
253,0.014513681,-0.011399503,-0.129183125,0.009023094,0.01442041,0.006687007,PlDNA_12,Poly-NoOutcross,MVP-SEEDMIX-5,G3_CviMVPe_PlDNA_12_70654_d44f1da4,Poly-NoOutcross,MVP-SEEDMIX-5,70654,G3,c76fcc1d
49,0.014630894,-0.034228278,0.026585117,0.053990097,0.009850903,0.004143526,PlDNA_12,Poly-WithOutcross,MVP-LARMIX-1,H10_CviMVPe_PlDNA_12_70102_a5598f8a,Poly-WithOutcross,MVP-LARMIX-1,70102,H10,92912bcd
233,0.014911587,-0.001247379,-0.101829025,-0.002987309,0.012064121,0.003644948,PlDNA_13,Poly-NoOutcross,MVP-SEEDMIX-4,F10_CviMVPe_PlDNA_13_70617_476a4391,Poly-NoOutcross,MVP-SEEDMIX-4,70617,F10,dc1b3862
113,0.01576731,-0.020379562,-0.127608859,0.006929782,0.013142615,0.009888256,PlDNA_12,DEBY,MVP-DEBY-1,A2_CviMVPe_PlDNA_12_70236_66900552,DEBY,MVP-DEBY-1,70236,A2,a5518839
99,0.016084613,-0.00408991,-0.122191849,-0.001087623,0.010186372,0.000842181,PlDNA_11,DEBY,MVP-DEBY-1,D6_CviMVPe_PlDNA_11_70207_8144417a,DEBY,MVP-DEBY-1,70207,D6,831da9ed
216,0.017303072,0.003100469,-0.15314474,0.003015282,0.003000793,0.005372261,PlDNA_11,Poly-NoOutcross,MVP-SEEDMIX-4,C8_CviMVPe_PlDNA_11_70583_12ebd131,Poly-NoOutcross,MVP-SEEDMIX-4,70583,C8,d0d95068
102,0.017771468,-0.003847046,-0.120953048,-0.001864112,0.00340342,0.004558246,PlDNA_13,DEBY,MVP-DEBY-3,G10_CviMVPe_PlDNA_13_70218_87dccc1f,DEBY,MVP-DEBY-3,70218,G10,087f7e34
67,0.017969755,-0.002503699,-0.140225627,0.00580608,0.010367943,0.007678596,PlDNA_12,Poly-NoOutcross,MVP-SEEDMIX-1,C7_CviMVPe_PlDNA_12_70134_17dce91f,Poly-NoOutcross,MVP-SEEDMIX-1,70134,E1,c2ee7e8e
68,0.017987403,-0.006358022,-0.154785795,0.005178438,0.011633392,0.010247632,PlDNA_11,Poly-NoOutcross,MVP-SEEDMIX-1,H9_CviMVPe_PlDNA_11_70135_6050f36e,Poly-NoOutcross,MVP-SEEDMIX-1,70135,A2,c6b9d27b
203,0.01977137,-0.002887953,-0.10687155,-0.001353082,0.007114514,0.00387293,PlDNA_11,Poly-NoOutcross,MVP-SEEDMIX-4,C12_CviMVPe_PlDNA_11_70477_fca18c6c,Poly-NoOutcross,MVP-SEEDMIX-4,70477,C12,3e26e74c
19,0.02070925,-0.02951417,0.024383621,0.043678481,0.00495534,0.001290458,PlDNA_13,NH-GrtBay,MVP-NH-2,B7_CviMVPe_PlDNA_13_70046_f759fc49,NH-GrtBay,MVP-NH-2,70046,H1,d3e254fc
138,0.021133922,-0.002763158,-0.105702415,0.003325823,0.000776006,0.005492888,PlDNA_11,VA-JR-DeepWatSh,MVP-JR-1,B3_CviMVPe_PlDNA_11_70293_713ad5e9,VA-JR-DeepWatSh,MVP-JR-1,70293,B3,e36bd229
252,0.022512342,0.007124193,-0.099585784,-0.00059141,-0.008531832,-0.000195047,PlDNA_11,Poly-NoOutcross,MVP-SEEDMIX-5,C10_CviMVPe_PlDNA_11_70653_13373e1f,Poly-NoOutcross,MVP-SEEDMIX-5,70653,B1,91055a49
185,0.023379043,-0.003983338,-0.113611582,-0.001463897,0.003794114,0.000418796,PlDNA_13,DEBY,MVP-DEBY-6,A3_CviMVPe_PlDNA_13_70427_9fb57bca,DEBY,MVP-DEBY-6,70427,A3,05fe29ab
191,0.025811168,-0.006768617,-0.108369149,0.002858113,5.54716331998111e-05,0.004208529,PlDNA_12,DEBY,MVP-DEBY-5,C11_CviMVPe_PlDNA_12_70444_6280d1d7,DEBY,MVP-DEBY-5,70444,C11,ead0ce4a
155,0.026063242,-0.009951029,-0.124500851,0.006818822,0.001601003,0.007294457,PlDNA_13,DEBY,MVP-DEBY-4,G9_CviMVPe_PlDNA_13_70346_acf8965b,DEBY,MVP-DEBY-4,70346,G9,27f2e17a
186,0.026490556,-0.01077165,-0.114224086,0.00252721,0.003320717,0.006082328,PlDNA_13,DEBY,MVP-DEBY-6,G8_CviMVPe_PlDNA_13_70428_c78b0d23,DEBY,MVP-DEBY-6,70428,G8,fc8484f0
165,0.029837166,-0.003868216,-0.098437725,-0.001741837,-0.006906475,0.003460824,PlDNA_11,Poly-NoOutcross,MVP-SEEDMIX-6,C9_CviMVPe_PlDNA_11_70372_87581162,Poly-NoOutcross,MVP-SEEDMIX-6,70372,D5,640b62fa
264,0.036648635,0.001952643,-0.044578523,0.000913048,-0.038651278,-0.008148834,PlDNA_13,Poly-WithOutcross,MVP-LARMIX-4,D5_CviMVPe_PlDNA_13_70709_e6180ca4,Poly-WithOutcross,MVP-LARMIX-4,70709,D5,42f0ee76
48,0.037886085,-0.00101727,-0.049022504,0.00013865,-0.004890583,0.000496942,PlDNA_12,Poly-WithOutcross,MVP-LARMIX-1,G8_CviMVPe_PlDNA_12_70100_85667a98,Poly-WithOutcross,MVP-LARMIX-1,70100,G8,3f83c03d
256,0.040481647,-0.003854218,-0.047864092,-0.01086342,0.010920275,0.009522915,PlDNA_13,Poly-WithOutcross,MVP-LARMIX-4,A10_CviMVPe_PlDNA_13_70657_e59ff8b1,Poly-WithOutcross,MVP-LARMIX-4,70657,A10,1cf43992
70,0.042615583,-0.004356539,-0.031945545,0.086791616,0.023116742,0.008765476,PlDNA_11,Poly-WithOutcross,MVP-LARMIX-1,G2_CviMVPe_PlDNA_11_70142_d309c85d,Poly-WithOutcross,MVP-LARMIX-1,70142,G2,ba47c33e
207,0.043421782,-0.000971767,-0.048986992,-0.004972985,-0.029108863,-0.005823586,PlDNA_12,Poly-WithOutcross,MVP-LARMIX-6,E8_CviMVPe_PlDNA_12_70572_25147328,Poly-WithOutcross,MVP-LARMIX-6,70572,E8,1d7cc331
167,0.045712272,0.002891411,-0.012902125,0.137704184,0.040033953,0.011733202,PlDNA_12,Poly-WithOutcross,MVP-LARMIX-5,A7_CviMVPe_PlDNA_12_70378_94ead6bb,Poly-WithOutcross,MVP-LARMIX-5,70378,A7,1dd7bd37
117,0.046793958,0.006928968,0.013718994,-0.021673012,-0.034894319,-0.010391775,PlDNA_13,VA-JR-DeepWatSh,MVP-JR-3,H10_CviMVPe_PlDNA_13_70246_c8e5efc7,VA-JR-DeepWatSh,MVP-JR-3,70246,H10,d61203c6
205,0.047098366,-0.003398231,-0.035543796,0.086855203,0.029100684,0.011876998,PlDNA_12,Poly-WithOutcross,MVP-LARMIX-6,H8_CviMVPe_PlDNA_12_70568_1c1ad5b7,Poly-WithOutcross,MVP-LARMIX-6,70568,H1,4e3b56a8
187,0.047215154,0.009131337,0.017242153,-0.023854023,-0.027183811,-0.006036109,PlDNA_12,VA-JR-DeepWatSh,MVP-JR-6,H5_CviMVPe_PlDNA_12_70430_d121ff36,VA-JR-DeepWatSh,MVP-JR-6,70430,H5,055508fe
116,0.04831776,0.011680468,0.013606226,-0.032169556,-0.053631457,-0.012991087,PlDNA_12,VA-JR-DeepWatSh,MVP-JR-2,B6_CviMVPe_PlDNA_12_70244_918f57ae,VA-JR-DeepWatSh,MVP-JR-2,70244,A4,cb2caad1
242,0.048429633,0.014042018,0.02374453,-0.057545097,-0.109758284,-0.030337012,PlDNA_13,VA-JR-DeepWatSh,MVP-JR-5,D2_CviMVPe_PlDNA_13_70633_1415c991,VA-JR-DeepWatSh,MVP-JR-5,70633,D2,ae0f2226
114,0.048595604,0.010223527,0.011380275,-0.02777697,-0.035372965,-0.008769678,PlDNA_11,VA-JR-DeepWatSh,MVP-JR-2,B1_CviMVPe_PlDNA_11_70239_649ddb70,VA-JR-DeepWatSh,MVP-JR-2,70239,B1,add3d133
223,0.048871947,0.010538075,0.020573331,-0.027782079,-0.036520353,-0.010447784,PlDNA_11,VA-JR-DeepWatSh,MVP-JR-5,E8_CviMVPe_PlDNA_11_70598_8434f8ff,VA-JR-DeepWatSh,MVP-JR-5,70598,E8,4e9e4783
130,0.049666554,0.010818293,0.016423339,-0.020950114,-0.027070568,-0.006433404,PlDNA_11,VA-JR-DeepWatSh,MVP-JR-1,E5_CviMVPe_PlDNA_11_70267_449b55b3,VA-JR-DeepWatSh,MVP-JR-1,70267,E5,e35a9921
119,0.04978853,0.009038956,0.020282947,-0.031765681,-0.04941744,-0.012698559,PlDNA_11,VA-JR-DeepWatSh,MVP-JR-3,B7_CviMVPe_PlDNA_11_70248_a4d6b2e1,VA-JR-DeepWatSh,MVP-JR-3,70248,B7,8ca32f7a
137,0.049806871,0.009489641,0.016113134,-0.032137205,-0.054070382,-0.015959094,PlDNA_12,VA-JR-DeepWatSh,MVP-JR-1,D8_CviMVPe_PlDNA_12_70287_d9210ea4,VA-JR-DeepWatSh,MVP-JR-1,70287,D8,b8042eba
93,0.049829912,0.009172312,0.021791978,-0.03037867,-0.034531671,-0.012300945,PlDNA_11,LA-SisLake,MVP-LA-1,B11_CviMVPe_PlDNA_11_70191_9fa63b2b,LA-SisLake,MVP-LA-1,70191,B11,60480a22
115,0.050150041,0.01208404,0.01264551,-0.032003411,-0.043303115,-0.012276916,PlDNA_12,VA-JR-DeepWatSh,MVP-JR-2,C12_CviMVPe_PlDNA_12_70241_11ca85ca,VA-JR-DeepWatSh,MVP-JR-2,70241,C12,56213489
204,0.050847206,0.010615017,0.017933899,-0.040468482,-0.064598479,-0.01937811,PlDNA_13,VA-JR-DeepWatSh,MVP-JR-4,A7_CviMVPe_PlDNA_13_70483_de076a28,VA-JR-DeepWatSh,MVP-JR-4,70483,A7,4c2de57d
201,0.051085029,0.010474866,0.019132741,-0.037104727,-0.059364452,-0.014787033,PlDNA_12,VA-JR-DeepWatSh,MVP-JR-6,H4_CviMVPe_PlDNA_12_70474_bc858d57,VA-JR-DeepWatSh,MVP-JR-6,70474,E5,41080686
97,0.051338627,0.013189879,0.02333091,-0.060010108,-0.112639898,-0.031823303,PlDNA_11,FL-KingPlan,MVP-FL-2,B4_CviMVPe_PlDNA_11_70200_6d32d13a,FL-KingPlan,MVP-FL-2,70200,B4,7e144b08
55,0.051901225,0.019554961,0.043712407,-0.102952403,0.109771689,0.031792189,PlDNA_13,FL-KingPlan,MVP-FL-2,C3_CviMVPe_PlDNA_13_70117_703cee6e,FL-KingPlan,MVP-FL-2,70117,A5,f857d467
134,0.051958004,0.018153149,0.039957804,-0.081618577,0.081797467,0.023342875,PlDNA_11,FL-KingPlan,MVP-FL-3,E1_CviMVPe_PlDNA_11_70280_00d5622f,FL-KingPlan,MVP-FL-3,70280,E1,aa38fa3a
148,0.052296943,0.011697005,0.019163,-0.04555466,-0.087891839,-0.022453073,PlDNA_11,FL-KingPlan,MVP-FL-6,A12_CviMVPe_PlDNA_11_70319_94e0a332,FL-KingPlan,MVP-FL-6,70319,A11,4a655b9c
95,0.052298651,0.014274829,0.026587524,-0.062779661,-0.114566917,-0.034182875,PlDNA_11,DEBY,MVP-DEBY-2,B5_CviMVPe_PlDNA_11_70198_1cb96ba3,DEBY,MVP-DEBY-2,70198,B5,164693d1
100,0.052354442,0.01450553,0.026562978,-0.064273749,-0.113933681,-0.034799538,PlDNA_12,VA-JR-DeepWatSh,MVP-JR-2,D9_CviMVPe_PlDNA_12_70209_20989072,VA-JR-DeepWatSh,MVP-JR-2,70209,D9,89aad25a
118,0.052687994,0.013822718,0.029077521,-0.065094052,-0.116255743,-0.036205827,PlDNA_11,VA-JR-DeepWatSh,MVP-JR-3,E6_CviMVPe_PlDNA_11_70247_2c8cad06,VA-JR-DeepWatSh,MVP-JR-3,70247,E6,ab20abe6
136,0.052803563,0.011769526,0.023506413,-0.057477936,-0.098265989,-0.030391418,PlDNA_13,VA-JR-DeepWatSh,MVP-JR-1,D1_CviMVPe_PlDNA_13_70286_6b5d52a4,VA-JR-DeepWatSh,MVP-JR-1,70286,D1,4b084269
196,0.053004025,0.013829578,0.039551518,-0.080364269,0.084081794,0.025371783,PlDNA_12,Poly-NoOutcross,MVP-SEEDMIX-4,G2_CviMVPe_PlDNA_12_70461_fdcd6de6,Poly-NoOutcross,MVP-SEEDMIX-4,70461,D11,476fe59b
215,0.053010632,0.015777877,0.038867097,-0.081293426,0.089055335,0.025341709,PlDNA_12,Poly-NoOutcross,MVP-SEEDMIX-4,F8_CviMVPe_PlDNA_12_70582_5cfce921,Poly-NoOutcross,MVP-SEEDMIX-4,70582,F11,2284294a
249,0.05307866,0.012059662,0.020979811,-0.036596904,-0.060542327,-0.016914804,PlDNA_12,VA-JR-DeepWatSh,MVP-JR-5,D1_CviMVPe_PlDNA_12_70648_fafab11f,VA-JR-DeepWatSh,MVP-JR-5,70648,D1,5cc25763
84,0.053267513,0.014741817,0.039086156,-0.074370247,0.073320936,0.020080841,PlDNA_12,FL-KingPlan,MVP-FL-2,A1_CviMVPe_PlDNA_12_70180_8da93788,FL-KingPlan,MVP-FL-2,70180,A1,87c1b6dc
250,0.053470056,0.015130587,0.028213144,-0.071883122,-0.130902369,-0.038804775,PlDNA_12,VA-JR-DeepWatSh,MVP-JR-5,E9_CviMVPe_PlDNA_12_70649_fbdfed92,VA-JR-DeepWatSh,MVP-JR-5,70649,E9,b6024659
251,0.053496491,0.018816956,0.042485854,-0.102843332,0.108023287,0.030258361,PlDNA_13,FL-KingPlan,MVP-FL-5,C9_CviMVPe_PlDNA_13_70650_8d4e7ff5,FL-KingPlan,MVP-FL-5,70650,C9,33df9845
240,0.053853151,0.014084781,0.028530499,-0.073509414,-0.131532937,-0.039130428,PlDNA_11,VA-JR-DeepWatSh,MVP-JR-4,E7_CviMVPe_PlDNA_11_70631_60d39db1,VA-JR-DeepWatSh,MVP-JR-4,70631,E7,9280383e
86,0.053892555,0.020117555,0.045968645,-0.106953205,0.115001815,0.034368443,PlDNA_11,FL-KingPlan,MVP-FL-2,A8_CviMVPe_PlDNA_11_70182_a5e8d0b5,FL-KingPlan,MVP-FL-2,70182,C2,2d170505
96,0.054177224,0.017206772,0.040568815,-0.100783139,0.112782782,0.033946945,PlDNA_12,FL-KingPlan,MVP-FL-2,H1_CviMVPe_PlDNA_12_70199_7b92457f,FL-KingPlan,MVP-FL-2,70199,H1,ed933b27
241,0.054279847,0.012729678,0.019686977,-0.051747486,-0.084030171,-0.024275463,PlDNA_12,VA-JR-DeepWatSh,MVP-JR-4,B5_CviMVPe_PlDNA_12_70632_bb9d57f2,VA-JR-DeepWatSh,MVP-JR-4,70632,C7,3e94ca1d
227,0.054356803,0.02001066,0.044687749,-0.105426966,0.113816467,0.032129658,PlDNA_12,FL-KingPlan,MVP-FL-5,B7_CviMVPe_PlDNA_12_70602_87308c17,FL-KingPlan,MVP-FL-5,70602,B8,0fc0abc9
74,0.054426621,0.018755622,0.04300446,-0.0867168,0.08977693,0.023093814,PlDNA_12,FL-KingPlan,MVP-FL-1,E10_CviMVPe_PlDNA_12_70154_f0c39073,FL-KingPlan,MVP-FL-1,70154,E10,a423c3ea
98,0.054502366,0.015511402,0.03908018,-0.081447867,0.088206637,0.026479136,PlDNA_12,FL-KingPlan,MVP-FL-1,F12_CviMVPe_PlDNA_12_70202_c130c8b9,FL-KingPlan,MVP-FL-1,70202,H7,eeb9558e
120,0.054734635,0.014033749,0.026070253,-0.071566678,-0.140788742,-0.038330563,PlDNA_12,VA-JR-DeepWatSh,MVP-JR-3,C10_CviMVPe_PlDNA_12_70249_275d6398,VA-JR-DeepWatSh,MVP-JR-3,70249,C10,6e7feb3f
126,0.054773906,0.014715322,0.037950788,-0.076691482,0.075668436,0.021249995,PlDNA_13,FL-KingPlan,MVP-FL-3,C10_CviMVPe_PlDNA_13_70261_f8e9c1f2,FL-KingPlan,MVP-FL-3,70261,C10,f57d9042
133,0.054898781,0.015820446,0.042647411,-0.074191841,0.096866227,0.027905701,PlDNA_13,FL-KingPlan,MVP-FL-3,G6_CviMVPe_PlDNA_13_70277_c7b9b9c8,FL-KingPlan,MVP-FL-3,70277,G6,2cc2eb9f
85,0.055012536,0.014630464,0.039421162,-0.084084298,0.084636242,0.025676631,PlDNA_11,FL-KingPlan,MVP-FL-2,A7_CviMVPe_PlDNA_11_70181_2c6c4081,FL-KingPlan,MVP-FL-2,70181,G1,50090ec7
197,0.055165293,0.013537358,0.040602481,-0.076058352,0.09231781,0.025849131,PlDNA_12,Poly-NoOutcross,MVP-SEEDMIX-4,F6_CviMVPe_PlDNA_12_70462_887be852,Poly-NoOutcross,MVP-SEEDMIX-4,70462,F6,a0b5b764
109,0.055213135,0.018436798,0.043844081,-0.0849425,0.091691145,0.022013314,PlDNA_11,FL-KingPlan,MVP-FL-1,D11_CviMVPe_PlDNA_11_70226_e1a3470f,FL-KingPlan,MVP-FL-1,70226,F12,bacd6745
166,0.055471111,0.012575123,0.031240426,-0.070902972,0.074994477,0.02163332,PlDNA_11,TX-CapBay,MVP-TX-6,B12_CviMVPe_PlDNA_11_70377_42164822,TX-CapBay,MVP-TX-6,70377,B12,77329522
224,0.055484531,0.016021053,0.025318776,-0.073352715,-0.144000828,-0.040031569,PlDNA_11,VA-JR-DeepWatSh,MVP-JR-5,E10_CviMVPe_PlDNA_11_70599_9005f4c7,VA-JR-DeepWatSh,MVP-JR-5,70599,E10,15a276d0
125,0.055625536,0.015420109,0.037644271,-0.080863538,0.079478997,0.024565912,PlDNA_12,FL-KingPlan,MVP-FL-3,A4_CviMVPe_PlDNA_12_70260_e546477e,FL-KingPlan,MVP-FL-3,70260,A4,76c3ebe6
228,0.055818715,0.016030423,0.044112811,-0.075237883,0.099976171,0.027641277,PlDNA_11,FL-KingPlan,MVP-FL-5,A10_CviMVPe_PlDNA_11_70604_0f747663,FL-KingPlan,MVP-FL-5,70604,A9,b23053fc
108,0.055838946,0.0141694,0.038420228,-0.078865687,0.087752148,0.027289234,PlDNA_11,FL-KingPlan,MVP-FL-2,D12_CviMVPe_PlDNA_11_70225_81756960,FL-KingPlan,MVP-FL-2,70225,D12,d75eec8f
162,0.055976594,0.022050026,0.045955415,-0.111117596,0.117540148,0.034640772,PlDNA_12,FL-KingPlan,MVP-FL-6,H2_CviMVPe_PlDNA_12_70368_c40c0d75,FL-KingPlan,MVP-FL-6,70368,B9,d85825c3
257,0.05607322,0.016973059,0.044250814,-0.098783819,0.11126918,0.032195136,PlDNA_12,FL-KingPlan,MVP-FL-4,B9_CviMVPe_PlDNA_12_70658_8ef66957,FL-KingPlan,MVP-FL-4,70658,B9,2039b6e2
149,0.056216233,0.015895254,0.046235176,-0.102951591,0.119027295,0.033279005,PlDNA_13,FL-KingPlan,MVP-FL-6,A6_CviMVPe_PlDNA_13_70321_bcceeb06,FL-KingPlan,MVP-FL-6,70321,A6,33143998
101,0.056375157,0.012274493,0.021558241,-0.050177947,-0.086150953,-0.023533151,PlDNA_12,VA-JR-DeepWatSh,MVP-JR-3,H3_CviMVPe_PlDNA_12_70213_acd06414,VA-JR-DeepWatSh,MVP-JR-3,70213,H3,f3655ab1
230,0.05686722,0.017466128,0.047686929,-0.110735575,0.127943684,0.034298921,PlDNA_12,FL-KingPlan,MVP-FL-4,C1_CviMVPe_PlDNA_12_70608_014a01bf,FL-KingPlan,MVP-FL-4,70608,A8,06cbb80c
107,0.057029081,0.01424449,0.041792386,-0.10307933,0.123460162,0.034181075,PlDNA_13,FL-KingPlan,MVP-FL-2,H11_CviMVPe_PlDNA_13_70224_68072b8d,FL-KingPlan,MVP-FL-2,70224,H11,70d652ea
266,0.057090804,0.017964,0.048883513,-0.113604338,0.130600661,0.036470313,PlDNA_11,FL-KingPlan,MVP-FL-4,A9_CviMVPe_PlDNA_11_70711_2d86bcec,FL-KingPlan,MVP-FL-4,70711,A7,bbd8ea04
106,0.057265204,0.014538315,0.026241563,-0.070555735,-0.138745725,-0.040986094,PlDNA_11,DEBY,MVP-DEBY-2,B6_CviMVPe_PlDNA_11_70222_3dfdf34f,DEBY,MVP-DEBY-2,70222,C1,d9a81563
163,0.057663667,0.020184334,0.047931726,-0.11915305,0.133007883,0.038462318,PlDNA_11,FL-KingPlan,MVP-FL-6,A11_CviMVPe_PlDNA_11_70370_27deb86d,FL-KingPlan,MVP-FL-6,70370,A3,9e4b9381
226,0.057840842,0.01841768,0.047227263,-0.116793443,0.137298421,0.037987014,PlDNA_11,FL-KingPlan,MVP-FL-5,E3_CviMVPe_PlDNA_11_70601_c8e421af,FL-KingPlan,MVP-FL-5,70601,E3,c23a6c77
87,0.05792213,0.016921451,0.046752009,-0.110317545,0.124102897,0.033775934,PlDNA_11,FL-KingPlan,MVP-FL-1,A6_CviMVPe_PlDNA_11_70185_bcc70a9d,FL-KingPlan,MVP-FL-1,70185,A6,f097bc61
243,0.058027831,0.020683972,0.044032432,-0.106440107,0.11369338,0.034377136,PlDNA_12,FL-KingPlan,MVP-FL-5,A5_CviMVPe_PlDNA_12_70637_8fca2b71,FL-KingPlan,MVP-FL-5,70637,B7,df45f389
5,0.059575466,0.01090164,0.025143568,-0.012743709,-0.100701948,-0.026415526,PlDNA_13,NH-GrtBay,MVP-NH-2,E9_CviMVPe_PlDNA_13_70008_7c385268,NH-GrtBay,MVP-NH-2,70008,H2,71401ea3
11,0.060265917,0.011074512,0.027191969,-0.01239926,-0.108429173,-0.027969684,PlDNA_13,NH-GrtBay,MVP-NH-1,A4_CviMVPe_PlDNA_13_70029_c982ff49,NH-GrtBay,MVP-NH-1,70029,B6,35045777
73,0.06053994,0.00937809,0.022582515,-0.012779077,-0.088973803,-0.022796351,PlDNA_13,NH-GrtBay,MVP-NH-3,C4_CviMVPe_PlDNA_13_70153_a1f094b4,NH-GrtBay,MVP-NH-3,70153,D3,96d9cd31
258,0.06064864,0.018672315,0.049575951,-0.121629929,0.143909966,0.040896679,PlDNA_11,FL-KingPlan,MVP-FL-4,E2_CviMVPe_PlDNA_11_70659_58ee162c,FL-KingPlan,MVP-FL-4,70659,E2,854adf08
217,0.060747991,0.012926949,0.026633076,-0.022707286,-0.120134169,-0.03373766,PlDNA_13,NH-GrtBay,MVP-NH-6,G1_CviMVPe_PlDNA_13_70585_40838a2d,NH-GrtBay,MVP-NH-6,70585,G7,b2c8d0f0
236,0.06112463,0.011224828,0.026233711,-0.018200197,-0.0994171,-0.027363397,PlDNA_11,NH-GrtBay,MVP-NH-6,C4_CviMVPe_PlDNA_11_70621_6decd27a,NH-GrtBay,MVP-NH-6,70621,C4,e0d64b5b
237,0.061180131,0.011849518,0.024026028,-0.019249758,-0.100444725,-0.02629252,PlDNA_12,NH-GrtBay,MVP-NH-6,F5_CviMVPe_PlDNA_12_70622_0ef87a65,NH-GrtBay,MVP-NH-6,70622,F5,7daa5592
30,0.061349907,0.01087578,0.026392103,-0.014684006,-0.105963251,-0.027800374,PlDNA_12,NH-GrtBay,MVP-NH-1,G5_CviMVPe_PlDNA_12_70069_fb9d5a5b,NH-GrtBay,MVP-NH-1,70069,G5,edf4de07
255,0.061376333,0.011936806,0.057646814,0.081089216,0.083824032,0.021818289,PlDNA_11,Poly-WithOutcross,MVP-LARMIX-4,G1_CviMVPe_PlDNA_11_70656_47cc693a,Poly-WithOutcross,MVP-LARMIX-4,70656,G1,9707cf7f
42,0.061410601,0.012258279,0.026823807,-0.011251186,-0.092884996,-0.023665501,PlDNA_11,NH-GrtBay,MVP-NH-1,H4_CviMVPe_PlDNA_11_70088_5ec067e3,NH-GrtBay,MVP-NH-1,70088,H4,bab8bfce
75,0.061516551,0.011326973,0.028573361,-0.018552211,-0.110461217,-0.032539043,PlDNA_11,NH-GrtBay,MVP-NH-3,H6_CviMVPe_PlDNA_11_70158_327135ee,NH-GrtBay,MVP-NH-3,70158,H6,c9c337dc
200,0.061525143,0.01153042,0.025236705,-0.014950932,-0.096678481,-0.026040488,PlDNA_11,NH-GrtBay,MVP-NH-4,C3_CviMVPe_PlDNA_11_70467_4ebc06c7,NH-GrtBay,MVP-NH-4,70467,C3,37b394d7
4,0.061665535,0.011349342,0.029455407,-0.020816874,-0.127488871,-0.039579089,PlDNA_11,NH-GrtBay,MVP-NH-2,H5_CviMVPe_PlDNA_11_70007_b7ee905d,NH-GrtBay,MVP-NH-2,70007,H5,e053298f
6,0.061878442,0.009117528,0.030414807,0.006226424,-0.08699439,-0.020170619,PlDNA_12,NH-GrtBay,MVP-NH-2,D5_CviMVPe_PlDNA_12_70009_9d4602c9,NH-GrtBay,MVP-NH-2,70009,D5,b61754bd
153,0.061894904,0.011795898,0.057391493,0.098439312,0.087165615,0.020747668,PlDNA_13,Poly-WithOutcross,MVP-LARMIX-5,F1_CviMVPe_PlDNA_13_70340_1f490282,Poly-WithOutcross,MVP-LARMIX-5,70340,F1,8bc0bda3
238,0.0619988,0.008531298,0.03183287,0.011040796,-0.081964236,-0.017725582,PlDNA_12,NH-GrtBay,MVP-NH-4,A9_CviMVPe_PlDNA_12_70624_d25d1e64,NH-GrtBay,MVP-NH-4,70624,,f2b43bcb
235,0.062356325,0.011942247,0.025455421,-0.016184331,-0.112672904,-0.03512415,PlDNA_13,NH-GrtBay,MVP-NH-6,E6_CviMVPe_PlDNA_13_70620_64ef987c,NH-GrtBay,MVP-NH-6,70620,E6,ac370c5a
31,0.06241262,0.010855048,0.03089398,-0.017605701,-0.11445165,-0.032995424,PlDNA_12,NH-GrtBay,MVP-NH-1,G10_CviMVPe_PlDNA_12_70070_d35482d4,NH-GrtBay,MVP-NH-1,70070,D1,06623ea7
234,0.063127276,0.010797477,0.029140502,-0.019433609,-0.114977932,-0.03387032,PlDNA_12,NH-GrtBay,MVP-NH-6,E4_CviMVPe_PlDNA_12_70619_13f9b326,NH-GrtBay,MVP-NH-6,70619,F9,97a5bb41
218,0.063195829,0.007869521,0.033666756,0.003368484,-0.090062721,-0.022544471,PlDNA_11,NH-GrtBay,MVP-NH-4,H7_CviMVPe_PlDNA_11_70588_4fac6552,NH-GrtBay,MVP-NH-4,70588,H7,885833c0
199,0.063272989,0.011114782,0.028763882,-0.021178933,-0.135900524,-0.041783997,PlDNA_13,NH-GrtBay,MVP-NH-6,H1_CviMVPe_PlDNA_13_70464_ae977b52,NH-GrtBay,MVP-NH-6,70464,G8,ddf17a3d
43,0.063570192,0.012965787,0.028941801,-0.023476212,-0.136591911,-0.041604468,PlDNA_13,NH-GrtBay,MVP-NH-1,C5_CviMVPe_PlDNA_13_70090_591cad8f,NH-GrtBay,MVP-NH-1,70090,C5,ce4119fc
128,0.063649165,0.009563976,0.051855176,0.156785703,0.040313546,0.008487931,PlDNA_13,ME-HogIs,MVP-ME-2,B2_CviMVPe_PlDNA_13_70264_12416136,ME-HogIs,MVP-ME-2,70264,B2,d2ec5fbd
198,0.063917149,0.009517668,0.026949867,-0.010642085,-0.102186981,-0.026955204,PlDNA_11,NH-GrtBay,MVP-NH-6,H8_CviMVPe_PlDNA_11_70463_0f2a9237,NH-GrtBay,MVP-NH-6,70463,H8,393e255c
20,0.063936995,0.012687863,0.027609527,-0.021549239,-0.13467284,-0.039988276,PlDNA_12,NH-GrtBay,MVP-NH-2,G11_CviMVPe_PlDNA_12_70049_59596ff5,NH-GrtBay,MVP-NH-2,70049,G11,4a0f2203
72,0.063951234,0.008087555,0.033985811,0.002391301,-0.093740518,-0.024430168,PlDNA_11,NH-GrtBay,MVP-NH-3,C2_CviMVPe_PlDNA_11_70151_66349050,NH-GrtBay,MVP-NH-3,70151,C2,9cf91753
7,0.064622955,0.00806313,0.025800151,0.005468121,-0.086248945,-0.021280771,PlDNA_11,NH-GrtBay,MVP-NH-2,C1_CviMVPe_PlDNA_11_70010_4f9d34ee,NH-GrtBay,MVP-NH-2,70010,C1,87280d59
76,0.064632051,0.008255399,0.029533815,-0.000903596,-0.104603852,-0.026229278,PlDNA_12,NH-GrtBay,MVP-NH-3,A8_CviMVPe_PlDNA_12_70160_0b339592,NH-GrtBay,MVP-NH-3,70160,A1,428610b9
124,0.064720078,0.007820355,0.041479955,0.063265966,-0.006797052,-0.001219628,PlDNA_11,ME-HogIs,MVP-ME-1,G10_CviMVPe_PlDNA_11_70256_58078266,ME-HogIs,MVP-ME-1,70256,G10,1ce75f9a
32,0.065342172,0.007325868,0.067286924,0.224695722,0.066124665,0.016466564,PlDNA_13,ME-HogIs,MVP-ME-3,F4_CviMVPe_PlDNA_13_70073_bbc4c04f,ME-HogIs,MVP-ME-3,70073,F4,8d915c0c
245,0.06548479,0.006699155,0.041549799,0.086340023,-0.002575843,0.000989883,PlDNA_13,ME-HogIs,MVP-ME-4,E8_CviMVPe_PlDNA_13_70641_c89c653c,ME-HogIs,MVP-ME-4,70641,F7,55287f74
13,0.065489385,0.007604366,0.048202728,0.084257379,0.009100793,0.002914636,PlDNA_11,ME-HogIs,MVP-ME-3,G12_CviMVPe_PlDNA_11_70033_90a37ef6,ME-HogIs,MVP-ME-3,70033,G12,9823fa87
202,0.065514461,0.007176917,0.041403201,0.097091837,0.005810105,0.004657999,PlDNA_13,ME-HogIs,MVP-ME-4,H12_CviMVPe_PlDNA_13_70476_d96e494f,ME-HogIs,MVP-ME-4,70476,F8,94ab9f32
174,0.065768736,0.010584283,0.058215555,0.170790026,0.044174948,0.008555589,PlDNA_11,ME-HogIs,MVP-ME-6,H3_CviMVPe_PlDNA_11_70404_b66d81ac,ME-HogIs,MVP-ME-6,70404,H3,0bb5c956
143,0.065916352,0.004703841,0.042959546,0.113388876,0.019821952,0.00164922,PlDNA_12,ME-HogIs,MVP-ME-2,G9_CviMVPe_PlDNA_12_70308_a78c8bfc,ME-HogIs,MVP-ME-2,70308,G9,f64dbab1
127,0.066024339,0.008837962,0.061200401,0.199222778,0.059963448,0.015135648,PlDNA_13,ME-HogIs,MVP-ME-2,C7_CviMVPe_PlDNA_13_70262_8369c612,ME-HogIs,MVP-ME-2,70262,C7,9c72ddde
44,0.06609938,0.004252301,0.045916363,0.105544473,0.016987213,0.005160825,PlDNA_13,ME-HogIs,MVP-ME-3,D9_CviMVPe_PlDNA_13_70091_86f9a7c8,ME-HogIs,MVP-ME-3,70091,D9,b3da2ab3
160,0.066739026,0.007042588,0.052057517,0.127891707,0.026705516,0.005230083,PlDNA_11,ME-HogIs,MVP-ME-5,H2_CviMVPe_PlDNA_11_70362_8ba2ada8,ME-HogIs,MVP-ME-5,70362,H2,627dcbab
132,0.066983951,0.002007732,0.047097871,0.1315194,0.020554348,0.006097918,PlDNA_13,ME-HogIs,MVP-ME-1,B1_CviMVPe_PlDNA_13_70275_2145f353,ME-HogIs,MVP-ME-1,70275,B1,c6110081
12,0.066986247,0.006418252,0.048163931,0.116204386,0.019756867,0.004377503,PlDNA_12,ME-HogIs,MVP-ME-3,G6_CviMVPe_PlDNA_12_70031_f17ae22d,ME-HogIs,MVP-ME-3,70031,C6,8be2d9b0
220,0.067376826,0.006542661,0.069804744,0.2249942,0.064689705,0.014631826,PlDNA_12,ME-HogIs,MVP-ME-4,E1_CviMVPe_PlDNA_12_70591_25421f76,ME-HogIs,MVP-ME-4,70591,E1,9f05a6b0
159,0.067562144,0.006829249,0.058205669,0.179815773,0.052258524,0.014681773,PlDNA_13,ME-HogIs,MVP-ME-5,B5_CviMVPe_PlDNA_13_70361_dfcf25ac,ME-HogIs,MVP-ME-5,70361,B5,4437db5b
144,0.067800336,0.006016877,0.045553738,0.10429293,0.006360982,0.004438072,PlDNA_12,ME-HogIs,MVP-ME-2,E7_CviMVPe_PlDNA_12_70309_90aefaf2,ME-HogIs,MVP-ME-2,70309,E7,01c0d07a
129,0.067966847,0.000928209,0.057101352,0.14427482,0.027554658,0.008822453,PlDNA_11,ME-HogIs,MVP-ME-2,G11_CviMVPe_PlDNA_11_70265_41f66b9c,ME-HogIs,MVP-ME-2,70265,G11,b039c668
135,0.068286413,0.009904095,0.060715864,0.204935628,0.061627768,0.015915325,PlDNA_13,ME-HogIs,MVP-ME-2,D8_CviMVPe_PlDNA_13_70283_3f53ca93,ME-HogIs,MVP-ME-2,70283,D8,48af20f1
219,0.068884713,0.002821913,0.057660315,0.154790317,0.032913335,0.011212894,PlDNA_11,ME-HogIs,MVP-ME-4,H1_CviMVPe_PlDNA_11_70590_844eb01c,ME-HogIs,MVP-ME-4,70590,H1,205126a0
246,0.069292488,0.00872457,0.053569628,0.187736655,0.04508213,0.013280267,PlDNA_12,ME-HogIs,MVP-ME-4,C4_CviMVPe_PlDNA_12_70642_40184b92,ME-HogIs,MVP-ME-4,70642,E9,9b88298f
45,0.069654034,0.005926018,0.049789975,0.127674768,0.013450446,0.002396816,PlDNA_12,ME-HogIs,MVP-ME-3,C6_CviMVPe_PlDNA_12_70092_4654bc9c,ME-HogIs,MVP-ME-3,70092,C6,f8d5c8a7
181,0.070368567,0.001193657,0.058461566,0.17909198,0.045196171,0.012044739,PlDNA_12,ME-HogIs,MVP-ME-6,F2_CviMVPe_PlDNA_12_70419_773a9ca8,ME-HogIs,MVP-ME-6,70419,F2,29102a53
142,0.070535836,0.005322375,0.06036667,0.168233278,0.037312368,0.007138695,PlDNA_12,ME-HogIs,MVP-ME-1,E6_CviMVPe_PlDNA_12_70305_1266293f,ME-HogIs,MVP-ME-1,70305,F1,9fa5e647